--------------------------------------------------------
-- Archivo creado  - martes-marzo-29-2022   
--------------------------------------------------------
--------------------------------------------------------
--  DDL for Table ALCALDIA
--------------------------------------------------------

  CREATE TABLE "USR_ADMIN"."ALCALDIA" 
   (	"ALC_ID" VARCHAR2(5 BYTE), 
	"ALC_ALCALDIA" VARCHAR2(30 BYTE)
   ) SEGMENT CREATION IMMEDIATE 
  PCTFREE 10 PCTUSED 40 INITRANS 1 MAXTRANS 255 
 NOCOMPRESS LOGGING
  STORAGE(INITIAL 65536 NEXT 1048576 MINEXTENTS 1 MAXEXTENTS 2147483645
  PCTINCREASE 0 FREELISTS 1 FREELIST GROUPS 1
  BUFFER_POOL DEFAULT FLASH_CACHE DEFAULT CELL_FLASH_CACHE DEFAULT)
  TABLESPACE "ESCUELAS" ;
--------------------------------------------------------
--  DDL for Table ALUMNO
--------------------------------------------------------

  CREATE TABLE "USR_ADMIN"."ALUMNO" 
   (	"ALM_ID" VARCHAR2(5 BYTE), 
	"ALM_NOMBRE" VARCHAR2(20 BYTE), 
	"ALM_APELLIDO_PAT" VARCHAR2(20 BYTE), 
	"ALM_APELLIDO_MAT" VARCHAR2(20 BYTE), 
	"ALM_SEXO" VARCHAR2(1 BYTE), 
	"ALM_FECHA_NACIMIENTO" DATE, 
	"ALM_FECHA_INS" DATE, 
	"ALM_CURP" VARCHAR2(18 BYTE), 
	"ALM_GRADO_ACADEMICO" VARCHAR2(20 BYTE), 
	"ALM_ESTATUS_INS" CHAR(1 BYTE), 
	"ALM_BECADO" CHAR(1 BYTE), 
	"ALM_ESTATUS_SEGURO" CHAR(1 BYTE), 
	"ALM_TIPO_SANGRE" VARCHAR2(2 BYTE), 
	"ALM_DISCAPACIDAD" VARCHAR2(40 BYTE), 
	"ALM_ENFERMEDADES" VARCHAR2(20 BYTE), 
	"ALM_NSS" NUMBER(11,0), 
	"ALM_DIRECCION_ID" VARCHAR2(5 BYTE), 
	"ALM_ESCUELA_ID" VARCHAR2(10 BYTE), 
	"ALM_TUTOR_ID" VARCHAR2(5 BYTE), 
	"ALM_CARRERA_ID" VARCHAR2(5 BYTE)
   ) SEGMENT CREATION IMMEDIATE 
  PCTFREE 10 PCTUSED 40 INITRANS 1 MAXTRANS 255 
 NOCOMPRESS LOGGING
  STORAGE(INITIAL 65536 NEXT 1048576 MINEXTENTS 1 MAXEXTENTS 2147483645
  PCTINCREASE 0 FREELISTS 1 FREELIST GROUPS 1
  BUFFER_POOL DEFAULT FLASH_CACHE DEFAULT CELL_FLASH_CACHE DEFAULT)
  TABLESPACE "ESCUELAS" ;
--------------------------------------------------------
--  DDL for Table CARRERA
--------------------------------------------------------

  CREATE TABLE "USR_ADMIN"."CARRERA" 
   (	"CAR_ID" VARCHAR2(5 BYTE), 
	"CAR_NOMBRE_CARRERA" VARCHAR2(30 BYTE)
   ) SEGMENT CREATION IMMEDIATE 
  PCTFREE 10 PCTUSED 40 INITRANS 1 MAXTRANS 255 
 NOCOMPRESS LOGGING
  STORAGE(INITIAL 65536 NEXT 1048576 MINEXTENTS 1 MAXEXTENTS 2147483645
  PCTINCREASE 0 FREELISTS 1 FREELIST GROUPS 1
  BUFFER_POOL DEFAULT FLASH_CACHE DEFAULT CELL_FLASH_CACHE DEFAULT)
  TABLESPACE "ESCUELAS" ;
--------------------------------------------------------
--  DDL for Table CORREO
--------------------------------------------------------

  CREATE TABLE "USR_ADMIN"."CORREO" 
   (	"COR_ID" VARCHAR2(3 BYTE), 
	"COR_CORREO" VARCHAR2(20 BYTE)
   ) SEGMENT CREATION IMMEDIATE 
  PCTFREE 10 PCTUSED 40 INITRANS 1 MAXTRANS 255 
 NOCOMPRESS LOGGING
  STORAGE(INITIAL 65536 NEXT 1048576 MINEXTENTS 1 MAXEXTENTS 2147483645
  PCTINCREASE 0 FREELISTS 1 FREELIST GROUPS 1
  BUFFER_POOL DEFAULT FLASH_CACHE DEFAULT CELL_FLASH_CACHE DEFAULT)
  TABLESPACE "ESCUELAS" ;
--------------------------------------------------------
--  DDL for Table DIRECCION
--------------------------------------------------------

  CREATE TABLE "USR_ADMIN"."DIRECCION" 
   (	"DIR_ID" VARCHAR2(5 BYTE), 
	"DIR_COLONIA" VARCHAR2(30 BYTE), 
	"DIR_CP" NUMBER(5,0), 
	"DIR_CALLE" VARCHAR2(25 BYTE), 
	"DIR_NO_INTERIOR" NUMBER(5,0), 
	"DIR_NO_EXTERIOR" NUMBER(5,0), 
	"DIR_ALCALDIA_ID" VARCHAR2(5 BYTE), 
	"DIR_ESTADO_ID" VARCHAR2(4 BYTE)
   ) SEGMENT CREATION IMMEDIATE 
  PCTFREE 10 PCTUSED 40 INITRANS 1 MAXTRANS 255 
 NOCOMPRESS LOGGING
  STORAGE(INITIAL 65536 NEXT 1048576 MINEXTENTS 1 MAXEXTENTS 2147483645
  PCTINCREASE 0 FREELISTS 1 FREELIST GROUPS 1
  BUFFER_POOL DEFAULT FLASH_CACHE DEFAULT CELL_FLASH_CACHE DEFAULT)
  TABLESPACE "ESCUELAS" ;
--------------------------------------------------------
--  DDL for Table ESCUELA
--------------------------------------------------------

  CREATE TABLE "USR_ADMIN"."ESCUELA" 
   (	"ESC_CCT" VARCHAR2(10 BYTE), 
	"ESC_PLANTEL" VARCHAR2(35 BYTE), 
	"ESC_TELEFONO" VARCHAR2(20 BYTE), 
	"ESC_PAGINA_WEB" VARCHAR2(50 BYTE), 
	"ESC_DOMINIO_ID" VARCHAR2(3 BYTE), 
	"ESC_INSTITUCION_ID" VARCHAR2(5 BYTE), 
	"ESC_DIRECCION_ID" VARCHAR2(5 BYTE), 
	"ESC_NOMBRE_CORREO" VARCHAR2(30 BYTE)
   ) SEGMENT CREATION IMMEDIATE 
  PCTFREE 10 PCTUSED 40 INITRANS 1 MAXTRANS 255 
 NOCOMPRESS LOGGING
  STORAGE(INITIAL 65536 NEXT 1048576 MINEXTENTS 1 MAXEXTENTS 2147483645
  PCTINCREASE 0 FREELISTS 1 FREELIST GROUPS 1
  BUFFER_POOL DEFAULT FLASH_CACHE DEFAULT CELL_FLASH_CACHE DEFAULT)
  TABLESPACE "ESCUELAS" ;
--------------------------------------------------------
--  DDL for Table ESTADO
--------------------------------------------------------

  CREATE TABLE "USR_ADMIN"."ESTADO" 
   (	"EST_ID" VARCHAR2(4 BYTE), 
	"EST_ESTADO" VARCHAR2(17 BYTE)
   ) SEGMENT CREATION IMMEDIATE 
  PCTFREE 10 PCTUSED 40 INITRANS 1 MAXTRANS 255 
 NOCOMPRESS LOGGING
  STORAGE(INITIAL 65536 NEXT 1048576 MINEXTENTS 1 MAXEXTENTS 2147483645
  PCTINCREASE 0 FREELISTS 1 FREELIST GROUPS 1
  BUFFER_POOL DEFAULT FLASH_CACHE DEFAULT CELL_FLASH_CACHE DEFAULT)
  TABLESPACE "ESCUELAS" ;
--------------------------------------------------------
--  DDL for Table GRUPO
--------------------------------------------------------

  CREATE TABLE "USR_ADMIN"."GRUPO" 
   (	"GRP_CALIFICACION" FLOAT(126), 
	"GRP_ALUMNO_ID" VARCHAR2(5 BYTE), 
	"GRP_MATERIA_ID" VARCHAR2(6 BYTE)
   ) SEGMENT CREATION IMMEDIATE 
  PCTFREE 10 PCTUSED 40 INITRANS 1 MAXTRANS 255 
 NOCOMPRESS LOGGING
  STORAGE(INITIAL 65536 NEXT 1048576 MINEXTENTS 1 MAXEXTENTS 2147483645
  PCTINCREASE 0 FREELISTS 1 FREELIST GROUPS 1
  BUFFER_POOL DEFAULT FLASH_CACHE DEFAULT CELL_FLASH_CACHE DEFAULT)
  TABLESPACE "ESCUELAS" ;
--------------------------------------------------------
--  DDL for Table INSTITUCION
--------------------------------------------------------

  CREATE TABLE "USR_ADMIN"."INSTITUCION" 
   (	"INS_ID" VARCHAR2(5 BYTE), 
	"INS_NOMBRE_ESCUELA" VARCHAR2(50 BYTE)
   ) SEGMENT CREATION IMMEDIATE 
  PCTFREE 10 PCTUSED 40 INITRANS 1 MAXTRANS 255 
 NOCOMPRESS LOGGING
  STORAGE(INITIAL 65536 NEXT 1048576 MINEXTENTS 1 MAXEXTENTS 2147483645
  PCTINCREASE 0 FREELISTS 1 FREELIST GROUPS 1
  BUFFER_POOL DEFAULT FLASH_CACHE DEFAULT CELL_FLASH_CACHE DEFAULT)
  TABLESPACE "ESCUELAS" ;
--------------------------------------------------------
--  DDL for Table MATERIA
--------------------------------------------------------

  CREATE TABLE "USR_ADMIN"."MATERIA" 
   (	"MAT_ID" VARCHAR2(5 BYTE), 
	"MAT_MATERIAS" VARCHAR2(20 BYTE), 
	"MAT_PROFESOR_ID" VARCHAR2(6 BYTE)
   ) SEGMENT CREATION IMMEDIATE 
  PCTFREE 10 PCTUSED 40 INITRANS 1 MAXTRANS 255 
 NOCOMPRESS LOGGING
  STORAGE(INITIAL 65536 NEXT 1048576 MINEXTENTS 1 MAXEXTENTS 2147483645
  PCTINCREASE 0 FREELISTS 1 FREELIST GROUPS 1
  BUFFER_POOL DEFAULT FLASH_CACHE DEFAULT CELL_FLASH_CACHE DEFAULT)
  TABLESPACE "ESCUELAS" ;
--------------------------------------------------------
--  DDL for Table PROFESOR
--------------------------------------------------------

  CREATE TABLE "USR_ADMIN"."PROFESOR" 
   (	"PRF_ID" VARCHAR2(6 BYTE), 
	"PRF_NOMBRE" VARCHAR2(20 BYTE), 
	"PRF_APELLIDO_PAT" VARCHAR2(20 BYTE), 
	"PRF_APELLIDO_MAT" VARCHAR2(20 BYTE), 
	"PRF_SEXO" VARCHAR2(1 BYTE)
   ) SEGMENT CREATION IMMEDIATE 
  PCTFREE 10 PCTUSED 40 INITRANS 1 MAXTRANS 255 
 NOCOMPRESS LOGGING
  STORAGE(INITIAL 65536 NEXT 1048576 MINEXTENTS 1 MAXEXTENTS 2147483645
  PCTINCREASE 0 FREELISTS 1 FREELIST GROUPS 1
  BUFFER_POOL DEFAULT FLASH_CACHE DEFAULT CELL_FLASH_CACHE DEFAULT)
  TABLESPACE "ESCUELAS" ;
--------------------------------------------------------
--  DDL for Table TUTOR
--------------------------------------------------------

  CREATE TABLE "USR_ADMIN"."TUTOR" 
   (	"TTR_ID" VARCHAR2(5 BYTE), 
	"TTR_NOMBRE" VARCHAR2(15 BYTE), 
	"TTR_APELLIDO_PAT" VARCHAR2(15 BYTE), 
	"TTR_APELLIDO_MAT" VARCHAR2(15 BYTE), 
	"TTR_SEXO" VARCHAR2(1 BYTE), 
	"TTR_DIRECCION_ID" VARCHAR2(5 BYTE)
   ) SEGMENT CREATION IMMEDIATE 
  PCTFREE 10 PCTUSED 40 INITRANS 1 MAXTRANS 255 
 NOCOMPRESS LOGGING
  STORAGE(INITIAL 65536 NEXT 1048576 MINEXTENTS 1 MAXEXTENTS 2147483645
  PCTINCREASE 0 FREELISTS 1 FREELIST GROUPS 1
  BUFFER_POOL DEFAULT FLASH_CACHE DEFAULT CELL_FLASH_CACHE DEFAULT)
  TABLESPACE "ESCUELAS" ;
REM INSERTING into USR_ADMIN.ALCALDIA
SET DEFINE OFF;
Insert into USR_ADMIN.ALCALDIA (ALC_ID,ALC_ALCALDIA) values ('ALC01','ALVARO OBREGON');
Insert into USR_ADMIN.ALCALDIA (ALC_ID,ALC_ALCALDIA) values ('ALC02','AZCAPOTZALCO');
Insert into USR_ADMIN.ALCALDIA (ALC_ID,ALC_ALCALDIA) values ('ALC58','IXTAPALUCA');
Insert into USR_ADMIN.ALCALDIA (ALC_ID,ALC_ALCALDIA) values ('ALC03','BENITO JUAREZ');
Insert into USR_ADMIN.ALCALDIA (ALC_ID,ALC_ALCALDIA) values ('ALC04','COYOACAN');
Insert into USR_ADMIN.ALCALDIA (ALC_ID,ALC_ALCALDIA) values ('ALC05','CUAJIMALPA');
Insert into USR_ADMIN.ALCALDIA (ALC_ID,ALC_ALCALDIA) values ('ALC06','CUAHTEMOC');
Insert into USR_ADMIN.ALCALDIA (ALC_ID,ALC_ALCALDIA) values ('ALC07','GUSTAVO A. MADERO');
Insert into USR_ADMIN.ALCALDIA (ALC_ID,ALC_ALCALDIA) values ('ALC08','IZTACALCO');
Insert into USR_ADMIN.ALCALDIA (ALC_ID,ALC_ALCALDIA) values ('ALC09','IZTAPALAPA');
Insert into USR_ADMIN.ALCALDIA (ALC_ID,ALC_ALCALDIA) values ('ALC10','MAGDALENA CONTRERAS');
Insert into USR_ADMIN.ALCALDIA (ALC_ID,ALC_ALCALDIA) values ('ALC11','MIGUEL HIDALGO');
Insert into USR_ADMIN.ALCALDIA (ALC_ID,ALC_ALCALDIA) values ('ALC12','MILPA ALTA');
Insert into USR_ADMIN.ALCALDIA (ALC_ID,ALC_ALCALDIA) values ('ALC13','TLAHUAC');
Insert into USR_ADMIN.ALCALDIA (ALC_ID,ALC_ALCALDIA) values ('ALC14','TLALPAN');
Insert into USR_ADMIN.ALCALDIA (ALC_ID,ALC_ALCALDIA) values ('ALC15','VENUSTIANO CARRANZA');
Insert into USR_ADMIN.ALCALDIA (ALC_ID,ALC_ALCALDIA) values ('ALC16','XOCHIMILCO');
Insert into USR_ADMIN.ALCALDIA (ALC_ID,ALC_ALCALDIA) values ('MU001','ACAMBAY DE RUIZ CASTAÑEDA');
Insert into USR_ADMIN.ALCALDIA (ALC_ID,ALC_ALCALDIA) values ('MU002','ACOLMAN');
Insert into USR_ADMIN.ALCALDIA (ALC_ID,ALC_ALCALDIA) values ('MU003','ALMOLOYA DE ALQUISIRAS');
Insert into USR_ADMIN.ALCALDIA (ALC_ID,ALC_ALCALDIA) values ('MU004','ALMOLOYA DE JUAREZ');
Insert into USR_ADMIN.ALCALDIA (ALC_ID,ALC_ALCALDIA) values ('MU005','ALMOLOYA DEL RIO');
Insert into USR_ADMIN.ALCALDIA (ALC_ID,ALC_ALCALDIA) values ('MU006','ACULCO');
Insert into USR_ADMIN.ALCALDIA (ALC_ID,ALC_ALCALDIA) values ('MU007','AMANALCO');
Insert into USR_ADMIN.ALCALDIA (ALC_ID,ALC_ALCALDIA) values ('MU008','AMATEPEC');
Insert into USR_ADMIN.ALCALDIA (ALC_ID,ALC_ALCALDIA) values ('MU009','AMECAMECA');
Insert into USR_ADMIN.ALCALDIA (ALC_ID,ALC_ALCALDIA) values ('MU010','APAXCO');
Insert into USR_ADMIN.ALCALDIA (ALC_ID,ALC_ALCALDIA) values ('MU011','ATENCO');
Insert into USR_ADMIN.ALCALDIA (ALC_ID,ALC_ALCALDIA) values ('MU012','ATIZAPAN');
Insert into USR_ADMIN.ALCALDIA (ALC_ID,ALC_ALCALDIA) values ('MUO13','ATIZAPAN DE ZARAGOZA');
Insert into USR_ADMIN.ALCALDIA (ALC_ID,ALC_ALCALDIA) values ('MU014','ATLACOMULCO');
Insert into USR_ADMIN.ALCALDIA (ALC_ID,ALC_ALCALDIA) values ('MU015','ATLAUTLA');
Insert into USR_ADMIN.ALCALDIA (ALC_ID,ALC_ALCALDIA) values ('MU016','AXAPUSCO');
Insert into USR_ADMIN.ALCALDIA (ALC_ID,ALC_ALCALDIA) values ('MU017','AYAPANGO');
Insert into USR_ADMIN.ALCALDIA (ALC_ID,ALC_ALCALDIA) values ('MU018','CALIMAYA');
Insert into USR_ADMIN.ALCALDIA (ALC_ID,ALC_ALCALDIA) values ('MU019','CULPUHUAC');
Insert into USR_ADMIN.ALCALDIA (ALC_ID,ALC_ALCALDIA) values ('MU020','COACALCO DE BERRIOZABAL');
Insert into USR_ADMIN.ALCALDIA (ALC_ID,ALC_ALCALDIA) values ('MU021','COATEPEC HARINAS');
Insert into USR_ADMIN.ALCALDIA (ALC_ID,ALC_ALCALDIA) values ('MU022','COCOTITLAN');
Insert into USR_ADMIN.ALCALDIA (ALC_ID,ALC_ALCALDIA) values ('MU023','COYOTEPEC');
Insert into USR_ADMIN.ALCALDIA (ALC_ID,ALC_ALCALDIA) values ('MU024','CUATITILAN');
Insert into USR_ADMIN.ALCALDIA (ALC_ID,ALC_ALCALDIA) values ('MU025','CHALCO');
Insert into USR_ADMIN.ALCALDIA (ALC_ID,ALC_ALCALDIA) values ('MU026','CHAPA DE MOTA');
Insert into USR_ADMIN.ALCALDIA (ALC_ID,ALC_ALCALDIA) values ('MU027','CHAPULTEPEC');
Insert into USR_ADMIN.ALCALDIA (ALC_ID,ALC_ALCALDIA) values ('MU028','CHIAUTLA');
Insert into USR_ADMIN.ALCALDIA (ALC_ID,ALC_ALCALDIA) values ('MU029','CHICOLOAPAN');
Insert into USR_ADMIN.ALCALDIA (ALC_ID,ALC_ALCALDIA) values ('MU030','CHICONCUAC');
Insert into USR_ADMIN.ALCALDIA (ALC_ID,ALC_ALCALDIA) values ('MU031','CHIMALHUACAN');
Insert into USR_ADMIN.ALCALDIA (ALC_ID,ALC_ALCALDIA) values ('MU032','DONATO GUERRA');
Insert into USR_ADMIN.ALCALDIA (ALC_ID,ALC_ALCALDIA) values ('MU033','ECATEPEC DE MORELOS');
Insert into USR_ADMIN.ALCALDIA (ALC_ID,ALC_ALCALDIA) values ('MU034','ECATZINGO');
Insert into USR_ADMIN.ALCALDIA (ALC_ID,ALC_ALCALDIA) values ('MU035','HUEHUETOCA');
Insert into USR_ADMIN.ALCALDIA (ALC_ID,ALC_ALCALDIA) values ('MU036','HUEYPOXTLA');
Insert into USR_ADMIN.ALCALDIA (ALC_ID,ALC_ALCALDIA) values ('MU037','HUIXQUILUCAN');
Insert into USR_ADMIN.ALCALDIA (ALC_ID,ALC_ALCALDIA) values ('MU038','ISIDRO FABELA');
Insert into USR_ADMIN.ALCALDIA (ALC_ID,ALC_ALCALDIA) values ('MU039','IXTAPALUCA');
Insert into USR_ADMIN.ALCALDIA (ALC_ID,ALC_ALCALDIA) values ('MU040','IXTAPAN DE LA SAL');
Insert into USR_ADMIN.ALCALDIA (ALC_ID,ALC_ALCALDIA) values ('MU041','IXTAPANA DEL ORO');
Insert into USR_ADMIN.ALCALDIA (ALC_ID,ALC_ALCALDIA) values ('MU042','IXTLAHUACA');
Insert into USR_ADMIN.ALCALDIA (ALC_ID,ALC_ALCALDIA) values ('MU043','XALATLACO');
Insert into USR_ADMIN.ALCALDIA (ALC_ID,ALC_ALCALDIA) values ('MU044','JALTENCO');
Insert into USR_ADMIN.ALCALDIA (ALC_ID,ALC_ALCALDIA) values ('MU045','JILOTEPEC');
Insert into USR_ADMIN.ALCALDIA (ALC_ID,ALC_ALCALDIA) values ('MU046','JILOTZINGO');
Insert into USR_ADMIN.ALCALDIA (ALC_ID,ALC_ALCALDIA) values ('MU047','JIQUIPILCO');
Insert into USR_ADMIN.ALCALDIA (ALC_ID,ALC_ALCALDIA) values ('MU048','JOCOTITLAN');
Insert into USR_ADMIN.ALCALDIA (ALC_ID,ALC_ALCALDIA) values ('MU049','JOQUICINGO');
Insert into USR_ADMIN.ALCALDIA (ALC_ID,ALC_ALCALDIA) values ('MU050','JUCHITEPEC');
Insert into USR_ADMIN.ALCALDIA (ALC_ID,ALC_ALCALDIA) values ('MU051','LERMA');
Insert into USR_ADMIN.ALCALDIA (ALC_ID,ALC_ALCALDIA) values ('MU052','MALINALCO');
Insert into USR_ADMIN.ALCALDIA (ALC_ID,ALC_ALCALDIA) values ('MU053','MELCHOR OCAMPO');
Insert into USR_ADMIN.ALCALDIA (ALC_ID,ALC_ALCALDIA) values ('MU054','METEPEC');
Insert into USR_ADMIN.ALCALDIA (ALC_ID,ALC_ALCALDIA) values ('MU055','MEXICALTZINGO');
Insert into USR_ADMIN.ALCALDIA (ALC_ID,ALC_ALCALDIA) values ('MUO56','MORELOS');
Insert into USR_ADMIN.ALCALDIA (ALC_ID,ALC_ALCALDIA) values ('MU057','NAULCALPAN DE JUAREZ');
Insert into USR_ADMIN.ALCALDIA (ALC_ID,ALC_ALCALDIA) values ('MU058','NEZAHUALCOYOTL');
Insert into USR_ADMIN.ALCALDIA (ALC_ID,ALC_ALCALDIA) values ('MU059','NEXTLALPAN');
Insert into USR_ADMIN.ALCALDIA (ALC_ID,ALC_ALCALDIA) values ('MU060','NICOLAS ROMERO');
Insert into USR_ADMIN.ALCALDIA (ALC_ID,ALC_ALCALDIA) values ('MU061','NOPALTEPEC');
Insert into USR_ADMIN.ALCALDIA (ALC_ID,ALC_ALCALDIA) values ('MU062','OCOYOACAN');
Insert into USR_ADMIN.ALCALDIA (ALC_ID,ALC_ALCALDIA) values ('MU063','OCUILAN');
Insert into USR_ADMIN.ALCALDIA (ALC_ID,ALC_ALCALDIA) values ('MU064','EL ORO');
Insert into USR_ADMIN.ALCALDIA (ALC_ID,ALC_ALCALDIA) values ('MU065','OTUMBA');
Insert into USR_ADMIN.ALCALDIA (ALC_ID,ALC_ALCALDIA) values ('MU066','OTZOLOAPAN');
Insert into USR_ADMIN.ALCALDIA (ALC_ID,ALC_ALCALDIA) values ('MU067','OTZOLOTEPEC');
Insert into USR_ADMIN.ALCALDIA (ALC_ID,ALC_ALCALDIA) values ('MU068','OZUMBA');
Insert into USR_ADMIN.ALCALDIA (ALC_ID,ALC_ALCALDIA) values ('MU069','PAPALOTLA');
Insert into USR_ADMIN.ALCALDIA (ALC_ID,ALC_ALCALDIA) values ('MU070','LA PAZ');
Insert into USR_ADMIN.ALCALDIA (ALC_ID,ALC_ALCALDIA) values ('MU071','POLOTITLAN');
Insert into USR_ADMIN.ALCALDIA (ALC_ID,ALC_ALCALDIA) values ('MU072','RAYON');
Insert into USR_ADMIN.ALCALDIA (ALC_ID,ALC_ALCALDIA) values ('MU073','SAN ANTONIO LA ISLA');
Insert into USR_ADMIN.ALCALDIA (ALC_ID,ALC_ALCALDIA) values ('MU074','SAN FELIPE DEL PROGRESO');
Insert into USR_ADMIN.ALCALDIA (ALC_ID,ALC_ALCALDIA) values ('MU075','SAN MARTIN DE LAS PIRAMIDES');
Insert into USR_ADMIN.ALCALDIA (ALC_ID,ALC_ALCALDIA) values ('MUO76','SAN MATEO ATENCO');
Insert into USR_ADMIN.ALCALDIA (ALC_ID,ALC_ALCALDIA) values ('MU077','SAN SIMON DE GUERRERO');
Insert into USR_ADMIN.ALCALDIA (ALC_ID,ALC_ALCALDIA) values ('MU078','SANTO TOMAS');
Insert into USR_ADMIN.ALCALDIA (ALC_ID,ALC_ALCALDIA) values ('MU079','SOYANIQUILPAN DE JUAREZ');
Insert into USR_ADMIN.ALCALDIA (ALC_ID,ALC_ALCALDIA) values ('MU080','SULTEPEC');
Insert into USR_ADMIN.ALCALDIA (ALC_ID,ALC_ALCALDIA) values ('MU081','TECAMAC');
Insert into USR_ADMIN.ALCALDIA (ALC_ID,ALC_ALCALDIA) values ('MU082','TEJUPILCO');
Insert into USR_ADMIN.ALCALDIA (ALC_ID,ALC_ALCALDIA) values ('MU083','TEMAMATLA');
Insert into USR_ADMIN.ALCALDIA (ALC_ID,ALC_ALCALDIA) values ('MU084','TEMASCALAPA');
Insert into USR_ADMIN.ALCALDIA (ALC_ID,ALC_ALCALDIA) values ('MU085','TEMASCALCINGO');
Insert into USR_ADMIN.ALCALDIA (ALC_ID,ALC_ALCALDIA) values ('MU086','TEMASCALLTEPEC');
Insert into USR_ADMIN.ALCALDIA (ALC_ID,ALC_ALCALDIA) values ('MU087','TEMOAYA');
Insert into USR_ADMIN.ALCALDIA (ALC_ID,ALC_ALCALDIA) values ('MU088','TENANCINGO');
Insert into USR_ADMIN.ALCALDIA (ALC_ID,ALC_ALCALDIA) values ('MU089','TENANDO DEL AIRE');
Insert into USR_ADMIN.ALCALDIA (ALC_ID,ALC_ALCALDIA) values ('MU090','TENANGO DEL VALLE');
Insert into USR_ADMIN.ALCALDIA (ALC_ID,ALC_ALCALDIA) values ('MU091','TEOLOYUCAN');
Insert into USR_ADMIN.ALCALDIA (ALC_ID,ALC_ALCALDIA) values ('MU092','TEOTIHUACAN');
Insert into USR_ADMIN.ALCALDIA (ALC_ID,ALC_ALCALDIA) values ('MU093','TEPATLAOXTOC');
Insert into USR_ADMIN.ALCALDIA (ALC_ID,ALC_ALCALDIA) values ('MU094','TEPETLIXPA');
Insert into USR_ADMIN.ALCALDIA (ALC_ID,ALC_ALCALDIA) values ('MU095','TEPOTZOTLAN');
Insert into USR_ADMIN.ALCALDIA (ALC_ID,ALC_ALCALDIA) values ('MU096','TEQUIXQIAC');
Insert into USR_ADMIN.ALCALDIA (ALC_ID,ALC_ALCALDIA) values ('MU097','TEXCALYACAC');
Insert into USR_ADMIN.ALCALDIA (ALC_ID,ALC_ALCALDIA) values ('MU098','TEXCALTITLAN');
Insert into USR_ADMIN.ALCALDIA (ALC_ID,ALC_ALCALDIA) values ('MU099','TEXCOCO');
Insert into USR_ADMIN.ALCALDIA (ALC_ID,ALC_ALCALDIA) values ('MU100','TEZOYUCA');
Insert into USR_ADMIN.ALCALDIA (ALC_ID,ALC_ALCALDIA) values ('MU101','TIANGUISTENCO');
Insert into USR_ADMIN.ALCALDIA (ALC_ID,ALC_ALCALDIA) values ('MU102','TIMILPAN');
Insert into USR_ADMIN.ALCALDIA (ALC_ID,ALC_ALCALDIA) values ('MU103','TLAMANALCO');
Insert into USR_ADMIN.ALCALDIA (ALC_ID,ALC_ALCALDIA) values ('MU104','TLANEPANTLA DE BAZ');
Insert into USR_ADMIN.ALCALDIA (ALC_ID,ALC_ALCALDIA) values ('MU105','TLATLAYA');
Insert into USR_ADMIN.ALCALDIA (ALC_ID,ALC_ALCALDIA) values ('MU106','TOLUCA');
Insert into USR_ADMIN.ALCALDIA (ALC_ID,ALC_ALCALDIA) values ('MU107','TONATICO');
Insert into USR_ADMIN.ALCALDIA (ALC_ID,ALC_ALCALDIA) values ('MU108','TULTEPEC');
Insert into USR_ADMIN.ALCALDIA (ALC_ID,ALC_ALCALDIA) values ('MU109','TULTILAN');
Insert into USR_ADMIN.ALCALDIA (ALC_ID,ALC_ALCALDIA) values ('MU110','VALLE DE BRAVO');
Insert into USR_ADMIN.ALCALDIA (ALC_ID,ALC_ALCALDIA) values ('MU111','VILLA DE ALLENDE');
Insert into USR_ADMIN.ALCALDIA (ALC_ID,ALC_ALCALDIA) values ('MU112','VILLA DEL CARBON');
Insert into USR_ADMIN.ALCALDIA (ALC_ID,ALC_ALCALDIA) values ('MU113','VILLA GUERRERO');
Insert into USR_ADMIN.ALCALDIA (ALC_ID,ALC_ALCALDIA) values ('MU114','VILLA VICTORIA');
Insert into USR_ADMIN.ALCALDIA (ALC_ID,ALC_ALCALDIA) values ('MU115','XONACATLAN');
Insert into USR_ADMIN.ALCALDIA (ALC_ID,ALC_ALCALDIA) values ('MU116','ZACAZONAPAN');
Insert into USR_ADMIN.ALCALDIA (ALC_ID,ALC_ALCALDIA) values ('MU117','ZACUALPAN');
Insert into USR_ADMIN.ALCALDIA (ALC_ID,ALC_ALCALDIA) values ('MU118','ZINACANTEPEC');
Insert into USR_ADMIN.ALCALDIA (ALC_ID,ALC_ALCALDIA) values ('MU119','ZUMPAHUACAN');
Insert into USR_ADMIN.ALCALDIA (ALC_ID,ALC_ALCALDIA) values ('MU120','ZUMPANGO');
Insert into USR_ADMIN.ALCALDIA (ALC_ID,ALC_ALCALDIA) values ('MU121','CUATUTILAN IZCALLI');
Insert into USR_ADMIN.ALCALDIA (ALC_ID,ALC_ALCALDIA) values ('MU122','VALLE DE CHALCO SOLIDARIDAD');
Insert into USR_ADMIN.ALCALDIA (ALC_ID,ALC_ALCALDIA) values ('MU123','LUVIANO');
Insert into USR_ADMIN.ALCALDIA (ALC_ID,ALC_ALCALDIA) values ('MU124','SAN JOSE DEL RINCON');
Insert into USR_ADMIN.ALCALDIA (ALC_ID,ALC_ALCALDIA) values ('MU125','TONANITLA');
REM INSERTING into USR_ADMIN.ALUMNO
SET DEFINE OFF;
Insert into USR_ADMIN.ALUMNO (ALM_ID,ALM_NOMBRE,ALM_APELLIDO_PAT,ALM_APELLIDO_MAT,ALM_SEXO,ALM_FECHA_NACIMIENTO,ALM_FECHA_INS,ALM_CURP,ALM_GRADO_ACADEMICO,ALM_ESTATUS_INS,ALM_BECADO,ALM_ESTATUS_SEGURO,ALM_TIPO_SANGRE,ALM_DISCAPACIDAD,ALM_ENFERMEDADES,ALM_NSS,ALM_DIRECCION_ID,ALM_ESCUELA_ID,ALM_TUTOR_ID,ALM_CARRERA_ID) values ('A0001','Brian','Rojano','Gonzalez','H',to_date('18/10/00','DD/MM/RR'),to_date('18/09/15','DD/MM/RR'),'ROOB001018HMCJRRA4','SEGUNDO','1','1','1','A+','NO','NO',12345678912,'DIR21','09DCT0001Y','T0001','CAR01');
Insert into USR_ADMIN.ALUMNO (ALM_ID,ALM_NOMBRE,ALM_APELLIDO_PAT,ALM_APELLIDO_MAT,ALM_SEXO,ALM_FECHA_NACIMIENTO,ALM_FECHA_INS,ALM_CURP,ALM_GRADO_ACADEMICO,ALM_ESTATUS_INS,ALM_BECADO,ALM_ESTATUS_SEGURO,ALM_TIPO_SANGRE,ALM_DISCAPACIDAD,ALM_ENFERMEDADES,ALM_NSS,ALM_DIRECCION_ID,ALM_ESCUELA_ID,ALM_TUTOR_ID,ALM_CARRERA_ID) values ('A0002','Guillermo','Ramirez','lopez','H',to_date('26/08/99','DD/MM/RR'),to_date('05/05/14','DD/MM/RR'),'GODJ770826HMCMZR51','TERCERO','1','1','1','O+','NO','NO',12345615912,'DIR22','09DCT0001Y','T0002','CAR02');
Insert into USR_ADMIN.ALUMNO (ALM_ID,ALM_NOMBRE,ALM_APELLIDO_PAT,ALM_APELLIDO_MAT,ALM_SEXO,ALM_FECHA_NACIMIENTO,ALM_FECHA_INS,ALM_CURP,ALM_GRADO_ACADEMICO,ALM_ESTATUS_INS,ALM_BECADO,ALM_ESTATUS_SEGURO,ALM_TIPO_SANGRE,ALM_DISCAPACIDAD,ALM_ENFERMEDADES,ALM_NSS,ALM_DIRECCION_ID,ALM_ESCUELA_ID,ALM_TUTOR_ID,ALM_CARRERA_ID) values ('A0003','Juana','Sanchez','Hernandez','M',to_date('10/04/01','DD/MM/RR'),to_date('12/08/16','DD/MM/RR'),'HESJ010410MCXRNNH5','PRIMERO','1','1','1','O-','NO','NO',12347615912,'DIR23','09DCT0005U','T0003','CAR03');
Insert into USR_ADMIN.ALUMNO (ALM_ID,ALM_NOMBRE,ALM_APELLIDO_PAT,ALM_APELLIDO_MAT,ALM_SEXO,ALM_FECHA_NACIMIENTO,ALM_FECHA_INS,ALM_CURP,ALM_GRADO_ACADEMICO,ALM_ESTATUS_INS,ALM_BECADO,ALM_ESTATUS_SEGURO,ALM_TIPO_SANGRE,ALM_DISCAPACIDAD,ALM_ENFERMEDADES,ALM_NSS,ALM_DIRECCION_ID,ALM_ESCUELA_ID,ALM_TUTOR_ID,ALM_CARRERA_ID) values ('A0004','Jorge Jesús','Gomez','Diaz','H',to_date('12/07/01','DD/MM/RR'),to_date('12/08/16','DD/MM/RR'),'GODJ010712HMCMZRK4','PRIMERO','1','1','1','A-','NO','NO',17847615912,'DIR24','09DCT0005U','T0004','CAR04');
Insert into USR_ADMIN.ALUMNO (ALM_ID,ALM_NOMBRE,ALM_APELLIDO_PAT,ALM_APELLIDO_MAT,ALM_SEXO,ALM_FECHA_NACIMIENTO,ALM_FECHA_INS,ALM_CURP,ALM_GRADO_ACADEMICO,ALM_ESTATUS_INS,ALM_BECADO,ALM_ESTATUS_SEGURO,ALM_TIPO_SANGRE,ALM_DISCAPACIDAD,ALM_ENFERMEDADES,ALM_NSS,ALM_DIRECCION_ID,ALM_ESCUELA_ID,ALM_TUTOR_ID,ALM_CARRERA_ID) values ('A0005','Isabel','Moreno','Castillo','M',to_date('22/04/99','DD/MM/RR'),to_date('05/08/14','DD/MM/RR'),'MOCI990422MPLRSS74','TERCERO','1','1','1','A+','NO','NO',58447615912,'DIR25','09DCT0013C','T0005','CAR05');
Insert into USR_ADMIN.ALUMNO (ALM_ID,ALM_NOMBRE,ALM_APELLIDO_PAT,ALM_APELLIDO_MAT,ALM_SEXO,ALM_FECHA_NACIMIENTO,ALM_FECHA_INS,ALM_CURP,ALM_GRADO_ACADEMICO,ALM_ESTATUS_INS,ALM_BECADO,ALM_ESTATUS_SEGURO,ALM_TIPO_SANGRE,ALM_DISCAPACIDAD,ALM_ENFERMEDADES,ALM_NSS,ALM_DIRECCION_ID,ALM_ESCUELA_ID,ALM_TUTOR_ID,ALM_CARRERA_ID) values ('A0006','Maria Elena','Soto','Muñoz','M',to_date('04/11/04','DD/MM/RR'),to_date('07/08/12','DD/MM/RR'),'SOMM041104MMCTNRD9','SEXTO','1','1','1','O-','NO','NO',58489615912,'DIR26','09DCT0013C','T0006','CAR06');
Insert into USR_ADMIN.ALUMNO (ALM_ID,ALM_NOMBRE,ALM_APELLIDO_PAT,ALM_APELLIDO_MAT,ALM_SEXO,ALM_FECHA_NACIMIENTO,ALM_FECHA_INS,ALM_CURP,ALM_GRADO_ACADEMICO,ALM_ESTATUS_INS,ALM_BECADO,ALM_ESTATUS_SEGURO,ALM_TIPO_SANGRE,ALM_DISCAPACIDAD,ALM_ENFERMEDADES,ALM_NSS,ALM_DIRECCION_ID,ALM_ESCUELA_ID,ALM_TUTOR_ID,ALM_CARRERA_ID) values ('A0007','Miguel','Rios','Gutierrez','H',to_date('30/05/00','DD/MM/RR'),to_date('01/01/15','DD/MM/RR'),'GURM00530HCXTSGY4','TERCERO','1','0','1','A-','NO','NO',58489616822,'DIR27','09DCT0007S','T0007','CAR07');
Insert into USR_ADMIN.ALUMNO (ALM_ID,ALM_NOMBRE,ALM_APELLIDO_PAT,ALM_APELLIDO_MAT,ALM_SEXO,ALM_FECHA_NACIMIENTO,ALM_FECHA_INS,ALM_CURP,ALM_GRADO_ACADEMICO,ALM_ESTATUS_INS,ALM_BECADO,ALM_ESTATUS_SEGURO,ALM_TIPO_SANGRE,ALM_DISCAPACIDAD,ALM_ENFERMEDADES,ALM_NSS,ALM_DIRECCION_ID,ALM_ESCUELA_ID,ALM_TUTOR_ID,ALM_CARRERA_ID) values ('A0008','Yolanda','Espinoza','Ortiz','M',to_date('26/12/98','DD/MM/RR'),to_date('02/08/15','DD/MM/RR'),'EIOY981226MMCSRL98','SEXTO','1','0','1','B-','poliomielitis paralítica','NO',58489617822,'DIR28','09DCT0007S','T0008','CAR08');
Insert into USR_ADMIN.ALUMNO (ALM_ID,ALM_NOMBRE,ALM_APELLIDO_PAT,ALM_APELLIDO_MAT,ALM_SEXO,ALM_FECHA_NACIMIENTO,ALM_FECHA_INS,ALM_CURP,ALM_GRADO_ACADEMICO,ALM_ESTATUS_INS,ALM_BECADO,ALM_ESTATUS_SEGURO,ALM_TIPO_SANGRE,ALM_DISCAPACIDAD,ALM_ENFERMEDADES,ALM_NSS,ALM_DIRECCION_ID,ALM_ESCUELA_ID,ALM_TUTOR_ID,ALM_CARRERA_ID) values ('A0009','Jesus','Rojano','Ortega','H',to_date('18/01/06','DD/MM/RR'),to_date('16/08/20','DD/MM/RR'),'ROOF060118HMCJRRR6','PRIMERO','1','0','1','A+','NO','NO',58489486822,'DIR29','09DCT0005U','T0009','CAR09');
Insert into USR_ADMIN.ALUMNO (ALM_ID,ALM_NOMBRE,ALM_APELLIDO_PAT,ALM_APELLIDO_MAT,ALM_SEXO,ALM_FECHA_NACIMIENTO,ALM_FECHA_INS,ALM_CURP,ALM_GRADO_ACADEMICO,ALM_ESTATUS_INS,ALM_BECADO,ALM_ESTATUS_SEGURO,ALM_TIPO_SANGRE,ALM_DISCAPACIDAD,ALM_ENFERMEDADES,ALM_NSS,ALM_DIRECCION_ID,ALM_ESCUELA_ID,ALM_TUTOR_ID,ALM_CARRERA_ID) values ('A0010','Agustin','Soto','Vega','H',to_date('29/04/05','DD/MM/RR'),to_date('05/08/19','DD/MM/RR'),'SOVA05429HMCTGGL3','TERCERO','1','1','1','A-','NO','NO',58489447822,'DIR30','09DCT0011E','T0010','CAR10');
Insert into USR_ADMIN.ALUMNO (ALM_ID,ALM_NOMBRE,ALM_APELLIDO_PAT,ALM_APELLIDO_MAT,ALM_SEXO,ALM_FECHA_NACIMIENTO,ALM_FECHA_INS,ALM_CURP,ALM_GRADO_ACADEMICO,ALM_ESTATUS_INS,ALM_BECADO,ALM_ESTATUS_SEGURO,ALM_TIPO_SANGRE,ALM_DISCAPACIDAD,ALM_ENFERMEDADES,ALM_NSS,ALM_DIRECCION_ID,ALM_ESCUELA_ID,ALM_TUTOR_ID,ALM_CARRERA_ID) values ('A0011','Arturo','Valdez','Flores','H',to_date('26/11/05','DD/MM/RR'),to_date('05/08/19','DD/MM/RR'),'VAFA051126HJCLLRR3','TERCERO','1','1','1','A+','NO','NO',58489498822,'DIR31','09DCT0011E','T0011','CAR11');
Insert into USR_ADMIN.ALUMNO (ALM_ID,ALM_NOMBRE,ALM_APELLIDO_PAT,ALM_APELLIDO_MAT,ALM_SEXO,ALM_FECHA_NACIMIENTO,ALM_FECHA_INS,ALM_CURP,ALM_GRADO_ACADEMICO,ALM_ESTATUS_INS,ALM_BECADO,ALM_ESTATUS_SEGURO,ALM_TIPO_SANGRE,ALM_DISCAPACIDAD,ALM_ENFERMEDADES,ALM_NSS,ALM_DIRECCION_ID,ALM_ESCUELA_ID,ALM_TUTOR_ID,ALM_CARRERA_ID) values ('A0012','Miguel Angel','Sanchez','Gomez','H',to_date('22/04/07','DD/MM/RR'),to_date('05/08/16','DD/MM/RR'),'SAGM07422MDFNMGV2','QUINTO','1','1','1','B-','NO','NO',58489476823,'DIR32','09UBH0028A','T0012','CAR12');
Insert into USR_ADMIN.ALUMNO (ALM_ID,ALM_NOMBRE,ALM_APELLIDO_PAT,ALM_APELLIDO_MAT,ALM_SEXO,ALM_FECHA_NACIMIENTO,ALM_FECHA_INS,ALM_CURP,ALM_GRADO_ACADEMICO,ALM_ESTATUS_INS,ALM_BECADO,ALM_ESTATUS_SEGURO,ALM_TIPO_SANGRE,ALM_DISCAPACIDAD,ALM_ENFERMEDADES,ALM_NSS,ALM_DIRECCION_ID,ALM_ESCUELA_ID,ALM_TUTOR_ID,ALM_CARRERA_ID) values ('A0013','Claudia','Romero','Cortez','M',to_date('02/09/06','DD/MM/RR'),to_date('05/08/17','DD/MM/RR'),'ROMC060902MDFMRLD8','PRIMERO','1','1','1','0+','NO','NO',58529476823,'DIR33','09UBH0028A','T0013','CAR13');
Insert into USR_ADMIN.ALUMNO (ALM_ID,ALM_NOMBRE,ALM_APELLIDO_PAT,ALM_APELLIDO_MAT,ALM_SEXO,ALM_FECHA_NACIMIENTO,ALM_FECHA_INS,ALM_CURP,ALM_GRADO_ACADEMICO,ALM_ESTATUS_INS,ALM_BECADO,ALM_ESTATUS_SEGURO,ALM_TIPO_SANGRE,ALM_DISCAPACIDAD,ALM_ENFERMEDADES,ALM_NSS,ALM_DIRECCION_ID,ALM_ESCUELA_ID,ALM_TUTOR_ID,ALM_CARRERA_ID) values ('A0014','Silvia','Torres','Soto','M',to_date('16/06/04','DD/MM/RR'),to_date('05/08/16','DD/MM/RR'),'SOTS04616HCXTRLX8','CUARTO','1','1','1','0+','NO','NO',58529476823,'DIR34','09UBH0019T','T0014','CAR14');
Insert into USR_ADMIN.ALUMNO (ALM_ID,ALM_NOMBRE,ALM_APELLIDO_PAT,ALM_APELLIDO_MAT,ALM_SEXO,ALM_FECHA_NACIMIENTO,ALM_FECHA_INS,ALM_CURP,ALM_GRADO_ACADEMICO,ALM_ESTATUS_INS,ALM_BECADO,ALM_ESTATUS_SEGURO,ALM_TIPO_SANGRE,ALM_DISCAPACIDAD,ALM_ENFERMEDADES,ALM_NSS,ALM_DIRECCION_ID,ALM_ESCUELA_ID,ALM_TUTOR_ID,ALM_CARRERA_ID) values ('A0015','Maria','Morales','Medina','M',to_date('09/05/95','DD/MM/RR'),to_date('15/08/10','DD/MM/RR'),'MOMM770826HNLRDR25','CONCLUIDO','0','0','1','0-','NO','NO',48529476823,'DIR35','09UBH0019T','T0015','CAR15');
Insert into USR_ADMIN.ALUMNO (ALM_ID,ALM_NOMBRE,ALM_APELLIDO_PAT,ALM_APELLIDO_MAT,ALM_SEXO,ALM_FECHA_NACIMIENTO,ALM_FECHA_INS,ALM_CURP,ALM_GRADO_ACADEMICO,ALM_ESTATUS_INS,ALM_BECADO,ALM_ESTATUS_SEGURO,ALM_TIPO_SANGRE,ALM_DISCAPACIDAD,ALM_ENFERMEDADES,ALM_NSS,ALM_DIRECCION_ID,ALM_ESCUELA_ID,ALM_TUTOR_ID,ALM_CARRERA_ID) values ('A0016','Veronica','Torres','Lopez','M',to_date('18/06/90','DD/MM/RR'),to_date('17/08/05','DD/MM/RR'),'TOLV90618HMCSPR425','CONCLUIDO','0','0','1','0-','NO','NO',48529476823,'DIR36','09UBH0019T','T0016','CAR16');
Insert into USR_ADMIN.ALUMNO (ALM_ID,ALM_NOMBRE,ALM_APELLIDO_PAT,ALM_APELLIDO_MAT,ALM_SEXO,ALM_FECHA_NACIMIENTO,ALM_FECHA_INS,ALM_CURP,ALM_GRADO_ACADEMICO,ALM_ESTATUS_INS,ALM_BECADO,ALM_ESTATUS_SEGURO,ALM_TIPO_SANGRE,ALM_DISCAPACIDAD,ALM_ENFERMEDADES,ALM_NSS,ALM_DIRECCION_ID,ALM_ESCUELA_ID,ALM_TUTOR_ID,ALM_CARRERA_ID) values ('A0017','Araceli','Vasquez','Vasquez','M',to_date('26/08/06','DD/MM/RR'),to_date('14/08/21','DD/MM/RR'),'VAVA060826MMCSSR1','PRIMERO','1','1','1','0-','NO','NO',48529515823,'DIR37','09UBH0020I','T0017','CAR17');
Insert into USR_ADMIN.ALUMNO (ALM_ID,ALM_NOMBRE,ALM_APELLIDO_PAT,ALM_APELLIDO_MAT,ALM_SEXO,ALM_FECHA_NACIMIENTO,ALM_FECHA_INS,ALM_CURP,ALM_GRADO_ACADEMICO,ALM_ESTATUS_INS,ALM_BECADO,ALM_ESTATUS_SEGURO,ALM_TIPO_SANGRE,ALM_DISCAPACIDAD,ALM_ENFERMEDADES,ALM_NSS,ALM_DIRECCION_ID,ALM_ESCUELA_ID,ALM_TUTOR_ID,ALM_CARRERA_ID) values ('A0018','Tomas','Hierra','Chavez','H',to_date('03/04/05','DD/MM/RR'),to_date('05/08/20','DD/MM/RR'),'HICT05403HMCRHRB5','SEGUNDO','1','1','1','A-','NO','NO',48529514123,'DIR38','09UBH0020I','T0018','CAR18');
Insert into USR_ADMIN.ALUMNO (ALM_ID,ALM_NOMBRE,ALM_APELLIDO_PAT,ALM_APELLIDO_MAT,ALM_SEXO,ALM_FECHA_NACIMIENTO,ALM_FECHA_INS,ALM_CURP,ALM_GRADO_ACADEMICO,ALM_ESTATUS_INS,ALM_BECADO,ALM_ESTATUS_SEGURO,ALM_TIPO_SANGRE,ALM_DISCAPACIDAD,ALM_ENFERMEDADES,ALM_NSS,ALM_DIRECCION_ID,ALM_ESCUELA_ID,ALM_TUTOR_ID,ALM_CARRERA_ID) values ('A0019','Enrique','Flores','Nuñez','H',to_date('24/11/04','DD/MM/RR'),to_date('09/08/19','DD/MM/RR'),'FONE04124HMCLNNE2','QUINTO','1','1','1','A-','NO','NO',41229517423,'DIR39','09UBH0026C','T0019','CAR19');
Insert into USR_ADMIN.ALUMNO (ALM_ID,ALM_NOMBRE,ALM_APELLIDO_PAT,ALM_APELLIDO_MAT,ALM_SEXO,ALM_FECHA_NACIMIENTO,ALM_FECHA_INS,ALM_CURP,ALM_GRADO_ACADEMICO,ALM_ESTATUS_INS,ALM_BECADO,ALM_ESTATUS_SEGURO,ALM_TIPO_SANGRE,ALM_DISCAPACIDAD,ALM_ENFERMEDADES,ALM_NSS,ALM_DIRECCION_ID,ALM_ESCUELA_ID,ALM_TUTOR_ID,ALM_CARRERA_ID) values ('A0020','Luiz Angel','Guzman','Medina','H',to_date('30/09/05','DD/MM/RR'),to_date('09/08/19','DD/MM/RR'),'GUML05930HSLZDSH8','CUARTO','1','1','1','A-','NO','NO',41229517423,'DIR40','09UBH0026C','T0020','CAR20');
Insert into USR_ADMIN.ALUMNO (ALM_ID,ALM_NOMBRE,ALM_APELLIDO_PAT,ALM_APELLIDO_MAT,ALM_SEXO,ALM_FECHA_NACIMIENTO,ALM_FECHA_INS,ALM_CURP,ALM_GRADO_ACADEMICO,ALM_ESTATUS_INS,ALM_BECADO,ALM_ESTATUS_SEGURO,ALM_TIPO_SANGRE,ALM_DISCAPACIDAD,ALM_ENFERMEDADES,ALM_NSS,ALM_DIRECCION_ID,ALM_ESCUELA_ID,ALM_TUTOR_ID,ALM_CARRERA_ID) values ('A0021','Sergio','Diaz','Castillo','H',to_date('05/10/05','DD/MM/RR'),to_date('01/02/20','DD/MM/RR'),'DICS051005HSLZSRY3','TERCERO','1','1','1','A+','NO','NO',41229523423,'DIR41','09UBH0022G','T0021','CAR01');
Insert into USR_ADMIN.ALUMNO (ALM_ID,ALM_NOMBRE,ALM_APELLIDO_PAT,ALM_APELLIDO_MAT,ALM_SEXO,ALM_FECHA_NACIMIENTO,ALM_FECHA_INS,ALM_CURP,ALM_GRADO_ACADEMICO,ALM_ESTATUS_INS,ALM_BECADO,ALM_ESTATUS_SEGURO,ALM_TIPO_SANGRE,ALM_DISCAPACIDAD,ALM_ENFERMEDADES,ALM_NSS,ALM_DIRECCION_ID,ALM_ESCUELA_ID,ALM_TUTOR_ID,ALM_CARRERA_ID) values ('A0022','Rafael','Salazar','Delgado','H',to_date('01/10/89','DD/MM/RR'),to_date('01/02/04','DD/MM/RR'),'SADR89101HMCLLF11','CONCLUIDO','1','1','1','A+','NO','NO',41629423423,'DIR42','09UBH0022G','T0022','CAR02');
Insert into USR_ADMIN.ALUMNO (ALM_ID,ALM_NOMBRE,ALM_APELLIDO_PAT,ALM_APELLIDO_MAT,ALM_SEXO,ALM_FECHA_NACIMIENTO,ALM_FECHA_INS,ALM_CURP,ALM_GRADO_ACADEMICO,ALM_ESTATUS_INS,ALM_BECADO,ALM_ESTATUS_SEGURO,ALM_TIPO_SANGRE,ALM_DISCAPACIDAD,ALM_ENFERMEDADES,ALM_NSS,ALM_DIRECCION_ID,ALM_ESCUELA_ID,ALM_TUTOR_ID,ALM_CARRERA_ID) values ('A0023','Lucia','Fernandez','Ramirez','M',to_date('01/03/04','DD/MM/RR'),to_date('08/08/15','DD/MM/RR'),'FERL770826MPLRMC39','CUARTO','1','1','1','A+','NO','NO',41209423423,'DIR43','09DPT0014F','T0023','CAR03');
Insert into USR_ADMIN.ALUMNO (ALM_ID,ALM_NOMBRE,ALM_APELLIDO_PAT,ALM_APELLIDO_MAT,ALM_SEXO,ALM_FECHA_NACIMIENTO,ALM_FECHA_INS,ALM_CURP,ALM_GRADO_ACADEMICO,ALM_ESTATUS_INS,ALM_BECADO,ALM_ESTATUS_SEGURO,ALM_TIPO_SANGRE,ALM_DISCAPACIDAD,ALM_ENFERMEDADES,ALM_NSS,ALM_DIRECCION_ID,ALM_ESCUELA_ID,ALM_TUTOR_ID,ALM_CARRERA_ID) values ('A0024','Alejandra','Rodriguez','Moran','M',to_date('28/06/05','DD/MM/RR'),to_date('08/08/20','DD/MM/RR'),'ROMA05628MMCDRLW9','TERCERO','1','1','1','B+','NO','NO',41529423523,'DIR44','09DPT0014F','T0024','CAR04');
Insert into USR_ADMIN.ALUMNO (ALM_ID,ALM_NOMBRE,ALM_APELLIDO_PAT,ALM_APELLIDO_MAT,ALM_SEXO,ALM_FECHA_NACIMIENTO,ALM_FECHA_INS,ALM_CURP,ALM_GRADO_ACADEMICO,ALM_ESTATUS_INS,ALM_BECADO,ALM_ESTATUS_SEGURO,ALM_TIPO_SANGRE,ALM_DISCAPACIDAD,ALM_ENFERMEDADES,ALM_NSS,ALM_DIRECCION_ID,ALM_ESCUELA_ID,ALM_TUTOR_ID,ALM_CARRERA_ID) values ('A0025','Carlos','Peres','Medina','H',to_date('12/06/06','DD/MM/RR'),to_date('04/08/21','DD/MM/RR'),'PEMC06612HMCRDRH7','PRIMERO','1','1','1','B-','NO','NO',43629423523,'DIR45','09DCT0001Y','T0025','CAR05');
Insert into USR_ADMIN.ALUMNO (ALM_ID,ALM_NOMBRE,ALM_APELLIDO_PAT,ALM_APELLIDO_MAT,ALM_SEXO,ALM_FECHA_NACIMIENTO,ALM_FECHA_INS,ALM_CURP,ALM_GRADO_ACADEMICO,ALM_ESTATUS_INS,ALM_BECADO,ALM_ESTATUS_SEGURO,ALM_TIPO_SANGRE,ALM_DISCAPACIDAD,ALM_ENFERMEDADES,ALM_NSS,ALM_DIRECCION_ID,ALM_ESCUELA_ID,ALM_TUTOR_ID,ALM_CARRERA_ID) values ('A0026','Juana','Gonzales','Ramirez','M',to_date('23/09/05','DD/MM/RR'),to_date('04/08/20','DD/MM/RR'),'RAGJ05923HCXMNNS9','SEGUNDO','1','1','1','A-','NO','NO',43626423553,'DIR46','09DCT0001Y','T0026','CAR06');
Insert into USR_ADMIN.ALUMNO (ALM_ID,ALM_NOMBRE,ALM_APELLIDO_PAT,ALM_APELLIDO_MAT,ALM_SEXO,ALM_FECHA_NACIMIENTO,ALM_FECHA_INS,ALM_CURP,ALM_GRADO_ACADEMICO,ALM_ESTATUS_INS,ALM_BECADO,ALM_ESTATUS_SEGURO,ALM_TIPO_SANGRE,ALM_DISCAPACIDAD,ALM_ENFERMEDADES,ALM_NSS,ALM_DIRECCION_ID,ALM_ESCUELA_ID,ALM_TUTOR_ID,ALM_CARRERA_ID) values ('A0027','Franciso Javier','Sanchez','Hernandez','H',to_date('06/05/04','DD/MM/RR'),to_date('04/08/19','DD/MM/RR'),'SAHF040506HDFNRRW7','SEXTO','1','1','1','A-','NO','NO',20623023553,'DIR47','09DCT0005U','T0027','CAR07');
Insert into USR_ADMIN.ALUMNO (ALM_ID,ALM_NOMBRE,ALM_APELLIDO_PAT,ALM_APELLIDO_MAT,ALM_SEXO,ALM_FECHA_NACIMIENTO,ALM_FECHA_INS,ALM_CURP,ALM_GRADO_ACADEMICO,ALM_ESTATUS_INS,ALM_BECADO,ALM_ESTATUS_SEGURO,ALM_TIPO_SANGRE,ALM_DISCAPACIDAD,ALM_ENFERMEDADES,ALM_NSS,ALM_DIRECCION_ID,ALM_ESCUELA_ID,ALM_TUTOR_ID,ALM_CARRERA_ID) values ('A0028','Pedro','Chavez','Guzman','H',to_date('23/01/04','DD/MM/RR'),to_date('05/08/19','DD/MM/RR'),'CAGP040123HSLHZDE3','SEXTO','1','1','1','A+','NO','NO',20629423543,'DIR48','09DCT0005U','T0028','CAR08');
Insert into USR_ADMIN.ALUMNO (ALM_ID,ALM_NOMBRE,ALM_APELLIDO_PAT,ALM_APELLIDO_MAT,ALM_SEXO,ALM_FECHA_NACIMIENTO,ALM_FECHA_INS,ALM_CURP,ALM_GRADO_ACADEMICO,ALM_ESTATUS_INS,ALM_BECADO,ALM_ESTATUS_SEGURO,ALM_TIPO_SANGRE,ALM_DISCAPACIDAD,ALM_ENFERMEDADES,ALM_NSS,ALM_DIRECCION_ID,ALM_ESCUELA_ID,ALM_TUTOR_ID,ALM_CARRERA_ID) values ('A0029','David','Fernandez','Gutierrez','H',to_date('10/04/05','DD/MM/RR'),to_date('15/08/20','DD/MM/RR'),'FEGD050410HCXRTVK5','CUARTO','1','0','1','O-','NO','NO',20629423553,'DIR49','09DCT0013C','T0029','CAR09');
Insert into USR_ADMIN.ALUMNO (ALM_ID,ALM_NOMBRE,ALM_APELLIDO_PAT,ALM_APELLIDO_MAT,ALM_SEXO,ALM_FECHA_NACIMIENTO,ALM_FECHA_INS,ALM_CURP,ALM_GRADO_ACADEMICO,ALM_ESTATUS_INS,ALM_BECADO,ALM_ESTATUS_SEGURO,ALM_TIPO_SANGRE,ALM_DISCAPACIDAD,ALM_ENFERMEDADES,ALM_NSS,ALM_DIRECCION_ID,ALM_ESCUELA_ID,ALM_TUTOR_ID,ALM_CARRERA_ID) values ('A0030','Lucia','Fernandez','Gomez','M',to_date('13/02/06','DD/MM/RR'),to_date('04/08/21','DD/MM/RR'),'GOFL060213MGTMRCS1','PRIMERO','1','0','1','A+','NO','NO',20629453553,'DIR50','09DCT0013C','T0030','CAR10');
Insert into USR_ADMIN.ALUMNO (ALM_ID,ALM_NOMBRE,ALM_APELLIDO_PAT,ALM_APELLIDO_MAT,ALM_SEXO,ALM_FECHA_NACIMIENTO,ALM_FECHA_INS,ALM_CURP,ALM_GRADO_ACADEMICO,ALM_ESTATUS_INS,ALM_BECADO,ALM_ESTATUS_SEGURO,ALM_TIPO_SANGRE,ALM_DISCAPACIDAD,ALM_ENFERMEDADES,ALM_NSS,ALM_DIRECCION_ID,ALM_ESCUELA_ID,ALM_TUTOR_ID,ALM_CARRERA_ID) values ('A0031','Isabel','Guzman','Diaz','M',to_date('14/01/00','DD/MM/RR'),to_date('14/08/15','DD/MM/RR'),'GUDI00114HCMZZSK7','CONCLUIDO','0','0','0','B+','NO','NO',null,'DIR51','09DCT0007S','T0031','CAR11');
Insert into USR_ADMIN.ALUMNO (ALM_ID,ALM_NOMBRE,ALM_APELLIDO_PAT,ALM_APELLIDO_MAT,ALM_SEXO,ALM_FECHA_NACIMIENTO,ALM_FECHA_INS,ALM_CURP,ALM_GRADO_ACADEMICO,ALM_ESTATUS_INS,ALM_BECADO,ALM_ESTATUS_SEGURO,ALM_TIPO_SANGRE,ALM_DISCAPACIDAD,ALM_ENFERMEDADES,ALM_NSS,ALM_DIRECCION_ID,ALM_ESCUELA_ID,ALM_TUTOR_ID,ALM_CARRERA_ID) values ('A0032','Oscar','Ramirez','Morales','H',to_date('18/06/04','DD/MM/RR'),to_date('14/08/19','DD/MM/RR'),'RAM770826MTLMRS37','SEXTO','1','1','1','O+','NO','NO',20629403553,'DIR52','09DCT0007S','T0032','CAR12');
Insert into USR_ADMIN.ALUMNO (ALM_ID,ALM_NOMBRE,ALM_APELLIDO_PAT,ALM_APELLIDO_MAT,ALM_SEXO,ALM_FECHA_NACIMIENTO,ALM_FECHA_INS,ALM_CURP,ALM_GRADO_ACADEMICO,ALM_ESTATUS_INS,ALM_BECADO,ALM_ESTATUS_SEGURO,ALM_TIPO_SANGRE,ALM_DISCAPACIDAD,ALM_ENFERMEDADES,ALM_NSS,ALM_DIRECCION_ID,ALM_ESCUELA_ID,ALM_TUTOR_ID,ALM_CARRERA_ID) values ('A0033','Arturo','Jimenez','Sanchez','H',to_date('29/09/99','DD/MM/RR'),to_date('10/08/18','DD/MM/RR'),'JISA990929HCXMNR42','CONCLUIDO','0','0','0','O-','NO','NO',null,'DIR53','09DCT0005U','T0033','CAR13');
Insert into USR_ADMIN.ALUMNO (ALM_ID,ALM_NOMBRE,ALM_APELLIDO_PAT,ALM_APELLIDO_MAT,ALM_SEXO,ALM_FECHA_NACIMIENTO,ALM_FECHA_INS,ALM_CURP,ALM_GRADO_ACADEMICO,ALM_ESTATUS_INS,ALM_BECADO,ALM_ESTATUS_SEGURO,ALM_TIPO_SANGRE,ALM_DISCAPACIDAD,ALM_ENFERMEDADES,ALM_NSS,ALM_DIRECCION_ID,ALM_ESCUELA_ID,ALM_TUTOR_ID,ALM_CARRERA_ID) values ('A0034','Santiago','Ortiz','Ruiz','H',to_date('20/03/06','DD/MM/RR'),to_date('05/08/21','DD/MM/RR'),'OIRS060320HQRRZNI5','PRIMERO','1','1','1','A+','NO','NO',10629453553,'DIR54','09DCT0005U','T0034','CAR14');
Insert into USR_ADMIN.ALUMNO (ALM_ID,ALM_NOMBRE,ALM_APELLIDO_PAT,ALM_APELLIDO_MAT,ALM_SEXO,ALM_FECHA_NACIMIENTO,ALM_FECHA_INS,ALM_CURP,ALM_GRADO_ACADEMICO,ALM_ESTATUS_INS,ALM_BECADO,ALM_ESTATUS_SEGURO,ALM_TIPO_SANGRE,ALM_DISCAPACIDAD,ALM_ENFERMEDADES,ALM_NSS,ALM_DIRECCION_ID,ALM_ESCUELA_ID,ALM_TUTOR_ID,ALM_CARRERA_ID) values ('A0035','Raul','Ruiz','Perez','H',to_date('22/03/03','DD/MM/RR'),to_date('05/08/19','DD/MM/RR'),'RUPR030622CXZRÚA5','QUINTO','1','1','1','B-','NO','NO',98629402553,'DIR55','09DCT0011E','T0035','CAR15');
Insert into USR_ADMIN.ALUMNO (ALM_ID,ALM_NOMBRE,ALM_APELLIDO_PAT,ALM_APELLIDO_MAT,ALM_SEXO,ALM_FECHA_NACIMIENTO,ALM_FECHA_INS,ALM_CURP,ALM_GRADO_ACADEMICO,ALM_ESTATUS_INS,ALM_BECADO,ALM_ESTATUS_SEGURO,ALM_TIPO_SANGRE,ALM_DISCAPACIDAD,ALM_ENFERMEDADES,ALM_NSS,ALM_DIRECCION_ID,ALM_ESCUELA_ID,ALM_TUTOR_ID,ALM_CARRERA_ID) values ('A0036','Leticia','Hierra','Perez','M',to_date('17/05/06','DD/MM/RR'),to_date('05/08/21','DD/MM/RR'),'HIPL060517HCXRRTI4','PRIMERO','1','1','1','B-','NO','NO',94629453553,'DIR56','09DCT0011E','T0036','CAR16');
Insert into USR_ADMIN.ALUMNO (ALM_ID,ALM_NOMBRE,ALM_APELLIDO_PAT,ALM_APELLIDO_MAT,ALM_SEXO,ALM_FECHA_NACIMIENTO,ALM_FECHA_INS,ALM_CURP,ALM_GRADO_ACADEMICO,ALM_ESTATUS_INS,ALM_BECADO,ALM_ESTATUS_SEGURO,ALM_TIPO_SANGRE,ALM_DISCAPACIDAD,ALM_ENFERMEDADES,ALM_NSS,ALM_DIRECCION_ID,ALM_ESCUELA_ID,ALM_TUTOR_ID,ALM_CARRERA_ID) values ('A0037','Raul','Jiminez','Alvarez','H',to_date('17/05/06','DD/MM/RR'),to_date('05/08/21','DD/MM/RR'),'JIAR051111SRMLÚR1','SEGUNDO','1','1','1','O-','NO','NO',98529453553,'DIR57','09DCB0025S','T0037','CAR17');
Insert into USR_ADMIN.ALUMNO (ALM_ID,ALM_NOMBRE,ALM_APELLIDO_PAT,ALM_APELLIDO_MAT,ALM_SEXO,ALM_FECHA_NACIMIENTO,ALM_FECHA_INS,ALM_CURP,ALM_GRADO_ACADEMICO,ALM_ESTATUS_INS,ALM_BECADO,ALM_ESTATUS_SEGURO,ALM_TIPO_SANGRE,ALM_DISCAPACIDAD,ALM_ENFERMEDADES,ALM_NSS,ALM_DIRECCION_ID,ALM_ESCUELA_ID,ALM_TUTOR_ID,ALM_CARRERA_ID) values ('A0038','Maria','Jimenez','Lopez','M',to_date('18/10/00','DD/MM/RR'),to_date('15/08/15','DD/MM/RR'),'JILM001018HMCMPRG9','CONLUIDO','0','0','0','O-','NO','NO',null,'DIR58','09DCB0025S','T0038','CAR18');
Insert into USR_ADMIN.ALUMNO (ALM_ID,ALM_NOMBRE,ALM_APELLIDO_PAT,ALM_APELLIDO_MAT,ALM_SEXO,ALM_FECHA_NACIMIENTO,ALM_FECHA_INS,ALM_CURP,ALM_GRADO_ACADEMICO,ALM_ESTATUS_INS,ALM_BECADO,ALM_ESTATUS_SEGURO,ALM_TIPO_SANGRE,ALM_DISCAPACIDAD,ALM_ENFERMEDADES,ALM_NSS,ALM_DIRECCION_ID,ALM_ESCUELA_ID,ALM_TUTOR_ID,ALM_CARRERA_ID) values ('A0039','Jose Luis','Rodriguez','Mendoza','H',to_date('14/02/04','DD/MM/RR'),to_date('02/08/19','DD/MM/RR'),'ROMJ040214HQRDNSR2','TERCERO','1','1','1','O-','NO','NO',98329453553,'DIR59','09DCB0025S','T0039','CAR19');
Insert into USR_ADMIN.ALUMNO (ALM_ID,ALM_NOMBRE,ALM_APELLIDO_PAT,ALM_APELLIDO_MAT,ALM_SEXO,ALM_FECHA_NACIMIENTO,ALM_FECHA_INS,ALM_CURP,ALM_GRADO_ACADEMICO,ALM_ESTATUS_INS,ALM_BECADO,ALM_ESTATUS_SEGURO,ALM_TIPO_SANGRE,ALM_DISCAPACIDAD,ALM_ENFERMEDADES,ALM_NSS,ALM_DIRECCION_ID,ALM_ESCUELA_ID,ALM_TUTOR_ID,ALM_CARRERA_ID) values ('A0040','Antonio','Nuñez','Mendoza','H',to_date('14/02/05','DD/MM/RR'),to_date('02/08/20','DD/MM/RR'),'NUMA050914HPLNNNA1','TERCERO','1','1','1','A-','NO','NO',98329453303,'DIR60','09DCB0025S','T0040','CAR20');
REM INSERTING into USR_ADMIN.CARRERA
SET DEFINE OFF;
Insert into USR_ADMIN.CARRERA (CAR_ID,CAR_NOMBRE_CARRERA) values ('CAR01','ENFERMERIA');
Insert into USR_ADMIN.CARRERA (CAR_ID,CAR_NOMBRE_CARRERA) values ('CAR02','NUTRICION');
Insert into USR_ADMIN.CARRERA (CAR_ID,CAR_NOMBRE_CARRERA) values ('CAR03','LABORATORIO CLINICO');
Insert into USR_ADMIN.CARRERA (CAR_ID,CAR_NOMBRE_CARRERA) values ('CAR04','MECANICA AUTOMOTRIZ');
Insert into USR_ADMIN.CARRERA (CAR_ID,CAR_NOMBRE_CARRERA) values ('CAR05','PROGRAMACION WEB');
Insert into USR_ADMIN.CARRERA (CAR_ID,CAR_NOMBRE_CARRERA) values ('CAR06','ELECTRICISTA');
Insert into USR_ADMIN.CARRERA (CAR_ID,CAR_NOMBRE_CARRERA) values ('CAR07','MECANICO ELECTRICO');
Insert into USR_ADMIN.CARRERA (CAR_ID,CAR_NOMBRE_CARRERA) values ('CAR08','TURISMO');
Insert into USR_ADMIN.CARRERA (CAR_ID,CAR_NOMBRE_CARRERA) values ('CAR09','DIBUJO INDUSTRIAL');
Insert into USR_ADMIN.CARRERA (CAR_ID,CAR_NOMBRE_CARRERA) values ('CAR10','TRABAJO SOCIAL');
Insert into USR_ADMIN.CARRERA (CAR_ID,CAR_NOMBRE_CARRERA) values ('CAR11','GASTRONOMIA');
Insert into USR_ADMIN.CARRERA (CAR_ID,CAR_NOMBRE_CARRERA) values ('CAR12','SISTEMAS COMPUTACIONALES');
Insert into USR_ADMIN.CARRERA (CAR_ID,CAR_NOMBRE_CARRERA) values ('CAR13','ADMINISTRACION CONTABLE');
Insert into USR_ADMIN.CARRERA (CAR_ID,CAR_NOMBRE_CARRERA) values ('CAR14','REHABILITACION CLINICA');
Insert into USR_ADMIN.CARRERA (CAR_ID,CAR_NOMBRE_CARRERA) values ('CAR15','DISEÑO DE IMAGEN');
Insert into USR_ADMIN.CARRERA (CAR_ID,CAR_NOMBRE_CARRERA) values ('CAR16','INGLES');
Insert into USR_ADMIN.CARRERA (CAR_ID,CAR_NOMBRE_CARRERA) values ('CAR17','ACTIVIDAD FISICA Y DEPORTE');
Insert into USR_ADMIN.CARRERA (CAR_ID,CAR_NOMBRE_CARRERA) values ('CAR18','DISEÑO GRAFICO');
Insert into USR_ADMIN.CARRERA (CAR_ID,CAR_NOMBRE_CARRERA) values ('CAR19','DIBUJO TECNICO');
Insert into USR_ADMIN.CARRERA (CAR_ID,CAR_NOMBRE_CARRERA) values ('CAR20','LABORATORIO DENTAL');
REM INSERTING into USR_ADMIN.CORREO
SET DEFINE OFF;
Insert into USR_ADMIN.CORREO (COR_ID,COR_CORREO) values ('CR9','@conalepmex.edu.mx');
Insert into USR_ADMIN.CORREO (COR_ID,COR_CORREO) values ('C10','@bachilleres.edu.mx');
Insert into USR_ADMIN.CORREO (COR_ID,COR_CORREO) values ('CR1','@gmail.com');
Insert into USR_ADMIN.CORREO (COR_ID,COR_CORREO) values ('CR2','@hotmail.com');
Insert into USR_ADMIN.CORREO (COR_ID,COR_CORREO) values ('CR4','@comunidad.unam.mx ');
Insert into USR_ADMIN.CORREO (COR_ID,COR_CORREO) values ('CR5','@bachilleres.edu.mx');
Insert into USR_ADMIN.CORREO (COR_ID,COR_CORREO) values ('CR6','@outlook.com');
Insert into USR_ADMIN.CORREO (COR_ID,COR_CORREO) values ('CR7','@live.com');
Insert into USR_ADMIN.CORREO (COR_ID,COR_CORREO) values ('CR3','@ipn.mx');
Insert into USR_ADMIN.CORREO (COR_ID,COR_CORREO) values ('CR8','@enp.unam.mx');
REM INSERTING into USR_ADMIN.DIRECCION
SET DEFINE OFF;
Insert into USR_ADMIN.DIRECCION (DIR_ID,DIR_COLONIA,DIR_CP,DIR_CALLE,DIR_NO_INTERIOR,DIR_NO_EXTERIOR,DIR_ALCALDIA_ID,DIR_ESTADO_ID) values ('DIR11','CULHUACAN CTM',4489,'CANAL NACIONAL',7,0,'ALC04','EST2');
Insert into USR_ADMIN.DIRECCION (DIR_ID,DIR_COLONIA,DIR_CP,DIR_CALLE,DIR_NO_INTERIOR,DIR_NO_EXTERIOR,DIR_ALCALDIA_ID,DIR_ESTADO_ID) values ('DIR13','TLATEL XOCHITENCO',56366,'AVENIDA AMEYALCO',0,0,'MU031','EST1');
Insert into USR_ADMIN.DIRECCION (DIR_ID,DIR_COLONIA,DIR_CP,DIR_CALLE,DIR_NO_INTERIOR,DIR_NO_EXTERIOR,DIR_ALCALDIA_ID,DIR_ESTADO_ID) values ('DIR31','JORGE JIMENEZ CANTU',56515,'BUGAMBILIAS',18,0,'MU070','EST1');
Insert into USR_ADMIN.DIRECCION (DIR_ID,DIR_COLONIA,DIR_CP,DIR_CALLE,DIR_NO_INTERIOR,DIR_NO_EXTERIOR,DIR_ALCALDIA_ID,DIR_ESTADO_ID) values ('DIR32','LOS REYES',56515,'JORGE JIMENEZ CANTU',0,0,'MU070','EST1');
Insert into USR_ADMIN.DIRECCION (DIR_ID,DIR_COLONIA,DIR_CP,DIR_CALLE,DIR_NO_INTERIOR,DIR_NO_EXTERIOR,DIR_ALCALDIA_ID,DIR_ESTADO_ID) values ('DIR33','LOMAS DE SAN SEBASTIAN',56512,'CALLE CAMINO REAL',0,0,'MU070','EST1');
Insert into USR_ADMIN.DIRECCION (DIR_ID,DIR_COLONIA,DIR_CP,DIR_CALLE,DIR_NO_INTERIOR,DIR_NO_EXTERIOR,DIR_ALCALDIA_ID,DIR_ESTADO_ID) values ('DIR34','SAN VICENTE CHICOLOAPAN',56370,'ASFALTADORA',0,0,'MU031','EST1');
Insert into USR_ADMIN.DIRECCION (DIR_ID,DIR_COLONIA,DIR_CP,DIR_CALLE,DIR_NO_INTERIOR,DIR_NO_EXTERIOR,DIR_ALCALDIA_ID,DIR_ESTADO_ID) values ('DIR35','SAN VICENTE CHICOLOAPAN',56370,'FLOR DE LIZ',26,0,'MU031','EST1');
Insert into USR_ADMIN.DIRECCION (DIR_ID,DIR_COLONIA,DIR_CP,DIR_CALLE,DIR_NO_INTERIOR,DIR_NO_EXTERIOR,DIR_ALCALDIA_ID,DIR_ESTADO_ID) values ('DIR36','REVOLUCION',56390,'AVENIDA AQUILES SERDAN',607,0,'MU031','EST1');
Insert into USR_ADMIN.DIRECCION (DIR_ID,DIR_COLONIA,DIR_CP,DIR_CALLE,DIR_NO_INTERIOR,DIR_NO_EXTERIOR,DIR_ALCALDIA_ID,DIR_ESTADO_ID) values ('DIR37','BENITO JUAREZ',57000,'FLORES MEXICANAS',7,0,'MU058','EST1');
Insert into USR_ADMIN.DIRECCION (DIR_ID,DIR_COLONIA,DIR_CP,DIR_CALLE,DIR_NO_INTERIOR,DIR_NO_EXTERIOR,DIR_ALCALDIA_ID,DIR_ESTADO_ID) values ('DIR38','BENITO JUAREZ',57000,'EL VERGELITO',0,0,'MU058','EST1');
Insert into USR_ADMIN.DIRECCION (DIR_ID,DIR_COLONIA,DIR_CP,DIR_CALLE,DIR_NO_INTERIOR,DIR_NO_EXTERIOR,DIR_ALCALDIA_ID,DIR_ESTADO_ID) values ('DIR39','BENITO JUAREZ',57000,'MARIETA',408,0,'MU058','EST1');
Insert into USR_ADMIN.DIRECCION (DIR_ID,DIR_COLONIA,DIR_CP,DIR_CALLE,DIR_NO_INTERIOR,DIR_NO_EXTERIOR,DIR_ALCALDIA_ID,DIR_ESTADO_ID) values ('DIR40','BENITO JUAREZ',57000,'MARIETA',408,0,'MU058','EST1');
Insert into USR_ADMIN.DIRECCION (DIR_ID,DIR_COLONIA,DIR_CP,DIR_CALLE,DIR_NO_INTERIOR,DIR_NO_EXTERIOR,DIR_ALCALDIA_ID,DIR_ESTADO_ID) values ('DIR41','EVOLUCION',57700,'SANTA ANITA',399,0,'MU058','EST1');
Insert into USR_ADMIN.DIRECCION (DIR_ID,DIR_COLONIA,DIR_CP,DIR_CALLE,DIR_NO_INTERIOR,DIR_NO_EXTERIOR,DIR_ALCALDIA_ID,DIR_ESTADO_ID) values ('DIR42','JOSE VICENTE VILLADA',57710,'MIXCOAC',335,0,'MU058','EST1');
Insert into USR_ADMIN.DIRECCION (DIR_ID,DIR_COLONIA,DIR_CP,DIR_CALLE,DIR_NO_INTERIOR,DIR_NO_EXTERIOR,DIR_ALCALDIA_ID,DIR_ESTADO_ID) values ('DIR43','METROPOLITANA 3RA SECC',57700,'MEXICALTZINGO',264,0,'MU058','EST1');
Insert into USR_ADMIN.DIRECCION (DIR_ID,DIR_COLONIA,DIR_CP,DIR_CALLE,DIR_NO_INTERIOR,DIR_NO_EXTERIOR,DIR_ALCALDIA_ID,DIR_ESTADO_ID) values ('DIR44','METROPOLITANA 2DA SECC',57740,'BELLAS ARTES',215,0,'MU058','EST1');
Insert into USR_ADMIN.DIRECCION (DIR_ID,DIR_COLONIA,DIR_CP,DIR_CALLE,DIR_NO_INTERIOR,DIR_NO_EXTERIOR,DIR_ALCALDIA_ID,DIR_ESTADO_ID) values ('DIR45','METROPOLITANA 2DA SECC',57750,'PARQUES DEPORTIVOS',57,0,'MU058','EST1');
Insert into USR_ADMIN.DIRECCION (DIR_ID,DIR_COLONIA,DIR_CP,DIR_CALLE,DIR_NO_INTERIOR,DIR_NO_EXTERIOR,DIR_ALCALDIA_ID,DIR_ESTADO_ID) values ('DIR46','METROPOLITANA 2DA SECC',57740,'HEMICICLO A JUAREZ',21,0,'MU058','EST1');
Insert into USR_ADMIN.DIRECCION (DIR_ID,DIR_COLONIA,DIR_CP,DIR_CALLE,DIR_NO_INTERIOR,DIR_NO_EXTERIOR,DIR_ALCALDIA_ID,DIR_ESTADO_ID) values ('DIR47','GRAL VICENTE VILLADA',57710,'SAN ESTEBAN',129,0,'MU058','EST1');
Insert into USR_ADMIN.DIRECCION (DIR_ID,DIR_COLONIA,DIR_CP,DIR_CALLE,DIR_NO_INTERIOR,DIR_NO_EXTERIOR,DIR_ALCALDIA_ID,DIR_ESTADO_ID) values ('DIR48','DESARROLLO URBANO QUETZALCOATL',9700,'VILLA CORTA',0,0,'ALC09','EST2');
Insert into USR_ADMIN.DIRECCION (DIR_ID,DIR_COLONIA,DIR_CP,DIR_CALLE,DIR_NO_INTERIOR,DIR_NO_EXTERIOR,DIR_ALCALDIA_ID,DIR_ESTADO_ID) values ('DIR49','LOMAS DE SANTA CRUZ',9709,'VILLA FRATI',5,0,'ALC09','EST2');
Insert into USR_ADMIN.DIRECCION (DIR_ID,DIR_COLONIA,DIR_CP,DIR_CALLE,DIR_NO_INTERIOR,DIR_NO_EXTERIOR,DIR_ALCALDIA_ID,DIR_ESTADO_ID) values ('DIR50','BUENAVISTA',9700,'TRIGAL',0,0,'ALC09','EST2');
Insert into USR_ADMIN.DIRECCION (DIR_ID,DIR_COLONIA,DIR_CP,DIR_CALLE,DIR_NO_INTERIOR,DIR_NO_EXTERIOR,DIR_ALCALDIA_ID,DIR_ESTADO_ID) values ('DIR14','JOSE VICENTE VILLADA',57710,'CALLE SAN BARTOLO',149,0,'MU058','EST1');
Insert into USR_ADMIN.DIRECCION (DIR_ID,DIR_COLONIA,DIR_CP,DIR_CALLE,DIR_NO_INTERIOR,DIR_NO_EXTERIOR,DIR_ALCALDIA_ID,DIR_ESTADO_ID) values ('DIR15','CIRUELO',9580,'CALLE NAUTLA',226,0,'ALC09','EST2');
Insert into USR_ADMIN.DIRECCION (DIR_ID,DIR_COLONIA,DIR_CP,DIR_CALLE,DIR_NO_INTERIOR,DIR_NO_EXTERIOR,DIR_ALCALDIA_ID,DIR_ESTADO_ID) values ('DIR12','LOS REYES',56400,'CARR FEDERAL MEX TEXCOCO',25,0,'MU070','EST1');
Insert into USR_ADMIN.DIRECCION (DIR_ID,DIR_COLONIA,DIR_CP,DIR_CALLE,DIR_NO_INTERIOR,DIR_NO_EXTERIOR,DIR_ALCALDIA_ID,DIR_ESTADO_ID) values ('DIR16','SAN FRANCISCO TLALTENCO',13420,'OCEANO DE LAS TEMPESTADES',0,0,'MU035','EST1');
Insert into USR_ADMIN.DIRECCION (DIR_ID,DIR_COLONIA,DIR_CP,DIR_CALLE,DIR_NO_INTERIOR,DIR_NO_EXTERIOR,DIR_ALCALDIA_ID,DIR_ESTADO_ID) values ('DIR52','ARBOLADA IXTAPALUCA',56530,'TEJOCOTE',1892,0,'MU039','EST1');
Insert into USR_ADMIN.DIRECCION (DIR_ID,DIR_COLONIA,DIR_CP,DIR_CALLE,DIR_NO_INTERIOR,DIR_NO_EXTERIOR,DIR_ALCALDIA_ID,DIR_ESTADO_ID) values ('DIR53','ACOZAC',56585,'IZTACCIHUATL',0,0,'MU039','EST1');
Insert into USR_ADMIN.DIRECCION (DIR_ID,DIR_COLONIA,DIR_CP,DIR_CALLE,DIR_NO_INTERIOR,DIR_NO_EXTERIOR,DIR_ALCALDIA_ID,DIR_ESTADO_ID) values ('DIR54','UNION ANTORCHISTA ZONA 2',56530,'25 DE MAYO',37,0,'MU039','EST1');
Insert into USR_ADMIN.DIRECCION (DIR_ID,DIR_COLONIA,DIR_CP,DIR_CALLE,DIR_NO_INTERIOR,DIR_NO_EXTERIOR,DIR_ALCALDIA_ID,DIR_ESTADO_ID) values ('DIR55','SANTO TOMAS',56565,'CDA DE ROSALES',44,0,'MU039','EST1');
Insert into USR_ADMIN.DIRECCION (DIR_ID,DIR_COLONIA,DIR_CP,DIR_CALLE,DIR_NO_INTERIOR,DIR_NO_EXTERIOR,DIR_ALCALDIA_ID,DIR_ESTADO_ID) values ('DIR56','JARDINES DE HUEHUETOCA',54680,'URIBE',0,0,'MU035','EST1');
Insert into USR_ADMIN.DIRECCION (DIR_ID,DIR_COLONIA,DIR_CP,DIR_CALLE,DIR_NO_INTERIOR,DIR_NO_EXTERIOR,DIR_ALCALDIA_ID,DIR_ESTADO_ID) values ('DIR57','PUENTE GRANDE',54680,'FRANCISCO VILLA',0,0,'MU035','EST1');
Insert into USR_ADMIN.DIRECCION (DIR_ID,DIR_COLONIA,DIR_CP,DIR_CALLE,DIR_NO_INTERIOR,DIR_NO_EXTERIOR,DIR_ALCALDIA_ID,DIR_ESTADO_ID) values ('DIR58','TECAMAC DE FELIPE VILLANUEVA',55743,'TULIPANES',0,0,'MU081','EST1');
Insert into USR_ADMIN.DIRECCION (DIR_ID,DIR_COLONIA,DIR_CP,DIR_CALLE,DIR_NO_INTERIOR,DIR_NO_EXTERIOR,DIR_ALCALDIA_ID,DIR_ESTADO_ID) values ('DIR59','TECAMAC DE FELIPE VILLANUEVA',55740,'AVENIDA 5 DE MAYO',32,0,'MU081','EST1');
Insert into USR_ADMIN.DIRECCION (DIR_ID,DIR_COLONIA,DIR_CP,DIR_CALLE,DIR_NO_INTERIOR,DIR_NO_EXTERIOR,DIR_ALCALDIA_ID,DIR_ESTADO_ID) values ('DIR60','TECAMAC',55740,'TECALCO',1,0,'MU081','EST1');
Insert into USR_ADMIN.DIRECCION (DIR_ID,DIR_COLONIA,DIR_CP,DIR_CALLE,DIR_NO_INTERIOR,DIR_NO_EXTERIOR,DIR_ALCALDIA_ID,DIR_ESTADO_ID) values ('DIR51','HORNOS SANTA BARBARA',56570,'CARRIL DE LOS HORNOS',564,0,'MU039','EST1');
Insert into USR_ADMIN.DIRECCION (DIR_ID,DIR_COLONIA,DIR_CP,DIR_CALLE,DIR_NO_INTERIOR,DIR_NO_EXTERIOR,DIR_ALCALDIA_ID,DIR_ESTADO_ID) values ('DIR01','P. SAN JUAN ARAGON',7480,'AV 510',1000,0,'ALC07','EST2');
Insert into USR_ADMIN.DIRECCION (DIR_ID,DIR_COLONIA,DIR_CP,DIR_CALLE,DIR_NO_INTERIOR,DIR_NO_EXTERIOR,DIR_ALCALDIA_ID,DIR_ESTADO_ID) values ('DIR03','PASEOS DE TAXQUEÑA',4250,'CALZ TAXQUEÑA',1620,0,'ALC04','EST2');
Insert into USR_ADMIN.DIRECCION (DIR_ID,DIR_COLONIA,DIR_CP,DIR_CALLE,DIR_NO_INTERIOR,DIR_NO_EXTERIOR,DIR_ALCALDIA_ID,DIR_ESTADO_ID) values ('DIR04','P. SAN JUAN ARAGON',7950,'AV 508',0,0,'ALC07','EST2');
Insert into USR_ADMIN.DIRECCION (DIR_ID,DIR_COLONIA,DIR_CP,DIR_CALLE,DIR_NO_INTERIOR,DIR_NO_EXTERIOR,DIR_ALCALDIA_ID,DIR_ESTADO_ID) values ('DIR05','CENTRO',6040,'EMILIO DONDE',1,0,'ALC06','EST2');
Insert into USR_ADMIN.DIRECCION (DIR_ID,DIR_COLONIA,DIR_CP,DIR_CALLE,DIR_NO_INTERIOR,DIR_NO_EXTERIOR,DIR_ALCALDIA_ID,DIR_ESTADO_ID) values ('DIR06','COAPA',14310,'CALZ DEL HUESO',729,0,'ALC14','EST2');
Insert into USR_ADMIN.DIRECCION (DIR_ID,DIR_COLONIA,DIR_CP,DIR_CALLE,DIR_NO_INTERIOR,DIR_NO_EXTERIOR,DIR_ALCALDIA_ID,DIR_ESTADO_ID) values ('DIR07','SANTA MARIA TEPEPAN',16020,'AV DE LA NORIA',0,0,'ALC16','EST2');
Insert into USR_ADMIN.DIRECCION (DIR_ID,DIR_COLONIA,DIR_CP,DIR_CALLE,DIR_NO_INTERIOR,DIR_NO_EXTERIOR,DIR_ALCALDIA_ID,DIR_ESTADO_ID) values ('DIR08','DEL CARMEN',16020,'CORINA',3,0,'ALC04','EST2');
Insert into USR_ADMIN.DIRECCION (DIR_ID,DIR_COLONIA,DIR_CP,DIR_CALLE,DIR_NO_INTERIOR,DIR_NO_EXTERIOR,DIR_ALCALDIA_ID,DIR_ESTADO_ID) values ('DIR10','MERCED GOMEZ',1600,'AV LOMAS DE PLATEROS',0,0,'ALC01','EST2');
Insert into USR_ADMIN.DIRECCION (DIR_ID,DIR_COLONIA,DIR_CP,DIR_CALLE,DIR_NO_INTERIOR,DIR_NO_EXTERIOR,DIR_ALCALDIA_ID,DIR_ESTADO_ID) values ('DIR09','CONSTITUCION DE LA REPUBLICA',7469,'AV ING EDUARDO MOLINA',1577,0,'ALC07','EST2');
Insert into USR_ADMIN.DIRECCION (DIR_ID,DIR_COLONIA,DIR_CP,DIR_CALLE,DIR_NO_INTERIOR,DIR_NO_EXTERIOR,DIR_ALCALDIA_ID,DIR_ESTADO_ID) values ('DIR21','METROPOLITANA 2DA SECC',57740,'AV ADOLFO LOPEZ M',57,0,'MU058','EST1');
Insert into USR_ADMIN.DIRECCION (DIR_ID,DIR_COLONIA,DIR_CP,DIR_CALLE,DIR_NO_INTERIOR,DIR_NO_EXTERIOR,DIR_ALCALDIA_ID,DIR_ESTADO_ID) values ('DIR22','EJERCITO DE ORIENTE INDECO',9230,'BATALLON DE ZACAPOAXTLA',58,0,'ALC09','EST2');
Insert into USR_ADMIN.DIRECCION (DIR_ID,DIR_COLONIA,DIR_CP,DIR_CALLE,DIR_NO_INTERIOR,DIR_NO_EXTERIOR,DIR_ALCALDIA_ID,DIR_ESTADO_ID) values ('DIR23','CHINAMPAC DE JUAREZ',9208,'CAMIONEROS',313,0,'ALC09','EST2');
Insert into USR_ADMIN.DIRECCION (DIR_ID,DIR_COLONIA,DIR_CP,DIR_CALLE,DIR_NO_INTERIOR,DIR_NO_EXTERIOR,DIR_ALCALDIA_ID,DIR_ESTADO_ID) values ('DIR24','PASEOS DE TAXQUEÑA',4250,'AV PASEO DEL BOSQUE',168,0,'ALC04','EST2');
Insert into USR_ADMIN.DIRECCION (DIR_ID,DIR_COLONIA,DIR_CP,DIR_CALLE,DIR_NO_INTERIOR,DIR_NO_EXTERIOR,DIR_ALCALDIA_ID,DIR_ESTADO_ID) values ('DIR25','PASEOS DE TAXQUEÑA',4250,'P. DE LA HACIENDA',91,0,'ALC04','EST2');
Insert into USR_ADMIN.DIRECCION (DIR_ID,DIR_COLONIA,DIR_CP,DIR_CALLE,DIR_NO_INTERIOR,DIR_NO_EXTERIOR,DIR_ALCALDIA_ID,DIR_ESTADO_ID) values ('DIR26','SAN FRANCISCO CULHUACAN',4260,'PRIV. 20 DE AGOSTO',20,0,'ALC04','EST2');
Insert into USR_ADMIN.DIRECCION (DIR_ID,DIR_COLONIA,DIR_CP,DIR_CALLE,DIR_NO_INTERIOR,DIR_NO_EXTERIOR,DIR_ALCALDIA_ID,DIR_ESTADO_ID) values ('DIR27','SAN JUAN DE ARAGON SECC I',7969,'AV 507',167,181,'ALC07','EST2');
Insert into USR_ADMIN.DIRECCION (DIR_ID,DIR_COLONIA,DIR_CP,DIR_CALLE,DIR_NO_INTERIOR,DIR_NO_EXTERIOR,DIR_ALCALDIA_ID,DIR_ESTADO_ID) values ('DIR28','GERTRUDIS SANCHEZ',7838,'ORIENTE',103,4040,'ALC07','EST2');
Insert into USR_ADMIN.DIRECCION (DIR_ID,DIR_COLONIA,DIR_CP,DIR_CALLE,DIR_NO_INTERIOR,DIR_NO_EXTERIOR,DIR_ALCALDIA_ID,DIR_ESTADO_ID) values ('DIR29','NUEVA TENOCHTITLAN',7838,'NORTE',90,4522,'ALC07','EST2');
Insert into USR_ADMIN.DIRECCION (DIR_ID,DIR_COLONIA,DIR_CP,DIR_CALLE,DIR_NO_INTERIOR,DIR_NO_EXTERIOR,DIR_ALCALDIA_ID,DIR_ESTADO_ID) values ('DIR30','FELIPE ANGELES',15310,'CALLE ALUMINIO',0,0,'ALC15','EST2');
Insert into USR_ADMIN.DIRECCION (DIR_ID,DIR_COLONIA,DIR_CP,DIR_CALLE,DIR_NO_INTERIOR,DIR_NO_EXTERIOR,DIR_ALCALDIA_ID,DIR_ESTADO_ID) values ('DIR02','SANTA MARIA AZTAHUACAN',9570,'ERMITA IZTAPALAPA',3241,0,'ALC09','EST2');
Insert into USR_ADMIN.DIRECCION (DIR_ID,DIR_COLONIA,DIR_CP,DIR_CALLE,DIR_NO_INTERIOR,DIR_NO_EXTERIOR,DIR_ALCALDIA_ID,DIR_ESTADO_ID) values ('DIR17','TORRES DE POTRERO',1840,'CALLE DALIAS',0,0,'ALC01','EST2');
REM INSERTING into USR_ADMIN.ESCUELA
SET DEFINE OFF;
Insert into USR_ADMIN.ESCUELA (ESC_CCT,ESC_PLANTEL,ESC_TELEFONO,ESC_PAGINA_WEB,ESC_DOMINIO_ID,ESC_INSTITUCION_ID,ESC_DIRECCION_ID,ESC_NOMBRE_CORREO) values ('09DPT0014F','189.COYOACAN',null,'www.cdmx.conalep.edu.mx/coyoacan/',null,'INS04','DIR11',null);
Insert into USR_ADMIN.ESCUELA (ESC_CCT,ESC_PLANTEL,ESC_TELEFONO,ESC_PAGINA_WEB,ESC_DOMINIO_ID,ESC_INSTITUCION_ID,ESC_DIRECCION_ID,ESC_NOMBRE_CORREO) values ('15DPT0026V','197.LOS REYES','5526136396','https://www.conalepmex.edu.mx/','CR9','INS04','DIR12','losreyeslapaz');
Insert into USR_ADMIN.ESCUELA (ESC_CCT,ESC_PLANTEL,ESC_TELEFONO,ESC_PAGINA_WEB,ESC_DOMINIO_ID,ESC_INSTITUCION_ID,ESC_DIRECCION_ID,ESC_NOMBRE_CORREO) values ('09DCB0027Q','Plante 16 Tlahuac Manuel Chavarria','5841-2022','www.planteles.cbachilleres.edu.mx','C10','INS03','DIR16','ismael.juarez');
Insert into USR_ADMIN.ESCUELA (ESC_CCT,ESC_PLANTEL,ESC_TELEFONO,ESC_PAGINA_WEB,ESC_DOMINIO_ID,ESC_INSTITUCION_ID,ESC_DIRECCION_ID,ESC_NOMBRE_CORREO) values ('09DCB0025S','Plante 15 Contreras','5683-5577','www.planteles.cbachilleres.edu.mx','C10','INS03','DIR17','hugo.hernandez12');
Insert into USR_ADMIN.ESCUELA (ESC_CCT,ESC_PLANTEL,ESC_TELEFONO,ESC_PAGINA_WEB,ESC_DOMINIO_ID,ESC_INSTITUCION_ID,ESC_DIRECCION_ID,ESC_NOMBRE_CORREO) values ('09DCT0001Y','CECyT 1 "GONZALOVAZQUEZ VELA"','55 5551 1243','https://www.cecyt1.ipn.mx/','CR3','INS01','DIR01','rcab');
Insert into USR_ADMIN.ESCUELA (ESC_CCT,ESC_PLANTEL,ESC_TELEFONO,ESC_PAGINA_WEB,ESC_DOMINIO_ID,ESC_INSTITUCION_ID,ESC_DIRECCION_ID,ESC_NOMBRE_CORREO) values ('09DCT0005U','CECyt 7 "CUAUHTEMOC"','55 5429 4085','www.cecyt7.ipn.mx','CR3','INS01','DIR02','cecyt7');
Insert into USR_ADMIN.ESCUELA (ESC_CCT,ESC_PLANTEL,ESC_TELEFONO,ESC_PAGINA_WEB,ESC_DOMINIO_ID,ESC_INSTITUCION_ID,ESC_DIRECCION_ID,ESC_NOMBRE_CORREO) values ('09DCT0013C','CECyT 13 "RICARDO FLORES MAGON" ',null,'www.cecyt13.ipn.mx','CR3','INS01','DIR03','cecyt13direccion');
Insert into USR_ADMIN.ESCUELA (ESC_CCT,ESC_PLANTEL,ESC_TELEFONO,ESC_PAGINA_WEB,ESC_DOMINIO_ID,ESC_INSTITUCION_ID,ESC_DIRECCION_ID,ESC_NOMBRE_CORREO) values ('09DCT0007S','CECyT 10 "CARLOS VALLEJO MARQUEZ"','55 5551 8191','www.cecyt10.ipn.mx','CR3','INS01','DIR04','cecyt10');
Insert into USR_ADMIN.ESCUELA (ESC_CCT,ESC_PLANTEL,ESC_TELEFONO,ESC_PAGINA_WEB,ESC_DOMINIO_ID,ESC_INSTITUCION_ID,ESC_DIRECCION_ID,ESC_NOMBRE_CORREO) values ('09DCT0011E','CECyT 5 "BENITO JUAREZ"','55 5512 7793','www.cecyt5.ipn.mx','CR3','INS01','DIR05','cecyt5');
Insert into USR_ADMIN.ESCUELA (ESC_CCT,ESC_PLANTEL,ESC_TELEFONO,ESC_PAGINA_WEB,ESC_DOMINIO_ID,ESC_INSTITUCION_ID,ESC_DIRECCION_ID,ESC_NOMBRE_CORREO) values ('09UBH0028A','ENP 5 "JOSÉ VASCONCELOS"','55 5678 2096','www.prepa5.unam.mx','CR8','INS02','DIR06','velia.carrillo');
Insert into USR_ADMIN.ESCUELA (ESC_CCT,ESC_PLANTEL,ESC_TELEFONO,ESC_PAGINA_WEB,ESC_DOMINIO_ID,ESC_INSTITUCION_ID,ESC_DIRECCION_ID,ESC_NOMBRE_CORREO) values ('09UBH0019T','ENP 1 "GABINO BARREDA"',null,'www.prepa1.unam.mx','CR8','INS02','DIR07',null);
Insert into USR_ADMIN.ESCUELA (ESC_CCT,ESC_PLANTEL,ESC_TELEFONO,ESC_PAGINA_WEB,ESC_DOMINIO_ID,ESC_INSTITUCION_ID,ESC_DIRECCION_ID,ESC_NOMBRE_CORREO) values ('09UBH0020I','ENP 6 "ANTONIO CASO"','56013562 ext 102','www.prepa6.unam.mx','CR8','INS02','DIR08','isauro.figueroa');
Insert into USR_ADMIN.ESCUELA (ESC_CCT,ESC_PLANTEL,ESC_TELEFONO,ESC_PAGINA_WEB,ESC_DOMINIO_ID,ESC_INSTITUCION_ID,ESC_DIRECCION_ID,ESC_NOMBRE_CORREO) values ('09UBH0026C','ENP 3 "JUSTO SIERRA"','57 37 37 00','enp3.unam.mx','CR8','INS02','DIR09','direccionp3');
Insert into USR_ADMIN.ESCUELA (ESC_CCT,ESC_PLANTEL,ESC_TELEFONO,ESC_PAGINA_WEB,ESC_DOMINIO_ID,ESC_INSTITUCION_ID,ESC_DIRECCION_ID,ESC_NOMBRE_CORREO) values ('09UBH0022G','ENP 8 "MIGUEL E SCHULZ"',null,'prepa8.unam.mx','CR8','INS02','DIR10',null);
REM INSERTING into USR_ADMIN.ESTADO
SET DEFINE OFF;
Insert into USR_ADMIN.ESTADO (EST_ID,EST_ESTADO) values ('EST1','ESTADO DE MEXICO');
Insert into USR_ADMIN.ESTADO (EST_ID,EST_ESTADO) values ('EST2','CIUDAD DE MEXICO');
REM INSERTING into USR_ADMIN.GRUPO
SET DEFINE OFF;
Insert into USR_ADMIN.GRUPO (GRP_CALIFICACION,GRP_ALUMNO_ID,GRP_MATERIA_ID) values (9,'A0001','MAT01');
Insert into USR_ADMIN.GRUPO (GRP_CALIFICACION,GRP_ALUMNO_ID,GRP_MATERIA_ID) values (5,'A0001','MAT02');
Insert into USR_ADMIN.GRUPO (GRP_CALIFICACION,GRP_ALUMNO_ID,GRP_MATERIA_ID) values (6,'A0001','MAT03');
Insert into USR_ADMIN.GRUPO (GRP_CALIFICACION,GRP_ALUMNO_ID,GRP_MATERIA_ID) values (5,'A0001','MAT04');
Insert into USR_ADMIN.GRUPO (GRP_CALIFICACION,GRP_ALUMNO_ID,GRP_MATERIA_ID) values (9,'A0002','MAT04');
Insert into USR_ADMIN.GRUPO (GRP_CALIFICACION,GRP_ALUMNO_ID,GRP_MATERIA_ID) values (9,'A0002','MAT01');
Insert into USR_ADMIN.GRUPO (GRP_CALIFICACION,GRP_ALUMNO_ID,GRP_MATERIA_ID) values (4,'A0002','MAT02');
Insert into USR_ADMIN.GRUPO (GRP_CALIFICACION,GRP_ALUMNO_ID,GRP_MATERIA_ID) values (9,'A0002','MAT03');
Insert into USR_ADMIN.GRUPO (GRP_CALIFICACION,GRP_ALUMNO_ID,GRP_MATERIA_ID) values (9,'A0004','MAT08');
Insert into USR_ADMIN.GRUPO (GRP_CALIFICACION,GRP_ALUMNO_ID,GRP_MATERIA_ID) values (10,'A0004','MAT06');
Insert into USR_ADMIN.GRUPO (GRP_CALIFICACION,GRP_ALUMNO_ID,GRP_MATERIA_ID) values (9,'A0004','MAT07');
Insert into USR_ADMIN.GRUPO (GRP_CALIFICACION,GRP_ALUMNO_ID,GRP_MATERIA_ID) values (6,'A0004','MAT05');
Insert into USR_ADMIN.GRUPO (GRP_CALIFICACION,GRP_ALUMNO_ID,GRP_MATERIA_ID) values (6,'A0003','MAT05');
Insert into USR_ADMIN.GRUPO (GRP_CALIFICACION,GRP_ALUMNO_ID,GRP_MATERIA_ID) values (10,'A0003','MAT06');
Insert into USR_ADMIN.GRUPO (GRP_CALIFICACION,GRP_ALUMNO_ID,GRP_MATERIA_ID) values (9,'A0003','MAT07');
Insert into USR_ADMIN.GRUPO (GRP_CALIFICACION,GRP_ALUMNO_ID,GRP_MATERIA_ID) values (9,'A0003','MAT08');
Insert into USR_ADMIN.GRUPO (GRP_CALIFICACION,GRP_ALUMNO_ID,GRP_MATERIA_ID) values (5,'A0005','MAT09');
Insert into USR_ADMIN.GRUPO (GRP_CALIFICACION,GRP_ALUMNO_ID,GRP_MATERIA_ID) values (9,'A0005','MAT10');
Insert into USR_ADMIN.GRUPO (GRP_CALIFICACION,GRP_ALUMNO_ID,GRP_MATERIA_ID) values (8,'A0005','MAT11');
Insert into USR_ADMIN.GRUPO (GRP_CALIFICACION,GRP_ALUMNO_ID,GRP_MATERIA_ID) values (7,'A0005','MAT12');
Insert into USR_ADMIN.GRUPO (GRP_CALIFICACION,GRP_ALUMNO_ID,GRP_MATERIA_ID) values (7,'A0006','MAT09');
Insert into USR_ADMIN.GRUPO (GRP_CALIFICACION,GRP_ALUMNO_ID,GRP_MATERIA_ID) values (6,'A0006','MAT10');
Insert into USR_ADMIN.GRUPO (GRP_CALIFICACION,GRP_ALUMNO_ID,GRP_MATERIA_ID) values (9,'A0006','MAT11');
Insert into USR_ADMIN.GRUPO (GRP_CALIFICACION,GRP_ALUMNO_ID,GRP_MATERIA_ID) values (10,'A0006','MAT12');
Insert into USR_ADMIN.GRUPO (GRP_CALIFICACION,GRP_ALUMNO_ID,GRP_MATERIA_ID) values (7,'A0007','MAT13');
Insert into USR_ADMIN.GRUPO (GRP_CALIFICACION,GRP_ALUMNO_ID,GRP_MATERIA_ID) values (9,'A0007','MAT15');
Insert into USR_ADMIN.GRUPO (GRP_CALIFICACION,GRP_ALUMNO_ID,GRP_MATERIA_ID) values (10,'A0007','MAT16');
Insert into USR_ADMIN.GRUPO (GRP_CALIFICACION,GRP_ALUMNO_ID,GRP_MATERIA_ID) values (8,'A0008','MAT13');
Insert into USR_ADMIN.GRUPO (GRP_CALIFICACION,GRP_ALUMNO_ID,GRP_MATERIA_ID) values (8,'A0008','MAT15');
Insert into USR_ADMIN.GRUPO (GRP_CALIFICACION,GRP_ALUMNO_ID,GRP_MATERIA_ID) values (6,'A0008','MAT16');
Insert into USR_ADMIN.GRUPO (GRP_CALIFICACION,GRP_ALUMNO_ID,GRP_MATERIA_ID) values (8,'A0009','MAT17');
Insert into USR_ADMIN.GRUPO (GRP_CALIFICACION,GRP_ALUMNO_ID,GRP_MATERIA_ID) values (9,'A0009','MAT18');
Insert into USR_ADMIN.GRUPO (GRP_CALIFICACION,GRP_ALUMNO_ID,GRP_MATERIA_ID) values (10,'A0009','MAT19');
Insert into USR_ADMIN.GRUPO (GRP_CALIFICACION,GRP_ALUMNO_ID,GRP_MATERIA_ID) values (9,'A0009','MAT20');
Insert into USR_ADMIN.GRUPO (GRP_CALIFICACION,GRP_ALUMNO_ID,GRP_MATERIA_ID) values (6,'A0010','MAT17');
Insert into USR_ADMIN.GRUPO (GRP_CALIFICACION,GRP_ALUMNO_ID,GRP_MATERIA_ID) values (4,'A0010','MAT18');
Insert into USR_ADMIN.GRUPO (GRP_CALIFICACION,GRP_ALUMNO_ID,GRP_MATERIA_ID) values (9,'A0010','MAT19');
Insert into USR_ADMIN.GRUPO (GRP_CALIFICACION,GRP_ALUMNO_ID,GRP_MATERIA_ID) values (10,'A0010','MAT20');
Insert into USR_ADMIN.GRUPO (GRP_CALIFICACION,GRP_ALUMNO_ID,GRP_MATERIA_ID) values (9,'A0011','MAT21');
Insert into USR_ADMIN.GRUPO (GRP_CALIFICACION,GRP_ALUMNO_ID,GRP_MATERIA_ID) values (10,'A0011','MAT01');
Insert into USR_ADMIN.GRUPO (GRP_CALIFICACION,GRP_ALUMNO_ID,GRP_MATERIA_ID) values (6,'A0011','MAT02');
Insert into USR_ADMIN.GRUPO (GRP_CALIFICACION,GRP_ALUMNO_ID,GRP_MATERIA_ID) values (10,'A0011','MAT03');
Insert into USR_ADMIN.GRUPO (GRP_CALIFICACION,GRP_ALUMNO_ID,GRP_MATERIA_ID) values (10,'A0012','MAT21');
Insert into USR_ADMIN.GRUPO (GRP_CALIFICACION,GRP_ALUMNO_ID,GRP_MATERIA_ID) values (8,'A0012','MAT01');
Insert into USR_ADMIN.GRUPO (GRP_CALIFICACION,GRP_ALUMNO_ID,GRP_MATERIA_ID) values (6,'A0012','MAT02');
Insert into USR_ADMIN.GRUPO (GRP_CALIFICACION,GRP_ALUMNO_ID,GRP_MATERIA_ID) values (8,'A0012','MAT03');
Insert into USR_ADMIN.GRUPO (GRP_CALIFICACION,GRP_ALUMNO_ID,GRP_MATERIA_ID) values (9,'A0013','MAT04');
Insert into USR_ADMIN.GRUPO (GRP_CALIFICACION,GRP_ALUMNO_ID,GRP_MATERIA_ID) values (7,'A0013','MAT05');
Insert into USR_ADMIN.GRUPO (GRP_CALIFICACION,GRP_ALUMNO_ID,GRP_MATERIA_ID) values (8,'A0013','MAT06');
Insert into USR_ADMIN.GRUPO (GRP_CALIFICACION,GRP_ALUMNO_ID,GRP_MATERIA_ID) values (6,'A0013','MAT07');
Insert into USR_ADMIN.GRUPO (GRP_CALIFICACION,GRP_ALUMNO_ID,GRP_MATERIA_ID) values (5,'A0014','MAT04');
Insert into USR_ADMIN.GRUPO (GRP_CALIFICACION,GRP_ALUMNO_ID,GRP_MATERIA_ID) values (6,'A0014','MAT05');
Insert into USR_ADMIN.GRUPO (GRP_CALIFICACION,GRP_ALUMNO_ID,GRP_MATERIA_ID) values (10,'A0014','MAT06');
Insert into USR_ADMIN.GRUPO (GRP_CALIFICACION,GRP_ALUMNO_ID,GRP_MATERIA_ID) values (9,'A0014','MAT07');
Insert into USR_ADMIN.GRUPO (GRP_CALIFICACION,GRP_ALUMNO_ID,GRP_MATERIA_ID) values (7,'A0015','MAT08');
Insert into USR_ADMIN.GRUPO (GRP_CALIFICACION,GRP_ALUMNO_ID,GRP_MATERIA_ID) values (6,'A0015','MAT09');
Insert into USR_ADMIN.GRUPO (GRP_CALIFICACION,GRP_ALUMNO_ID,GRP_MATERIA_ID) values (10,'A0015','MAT10');
Insert into USR_ADMIN.GRUPO (GRP_CALIFICACION,GRP_ALUMNO_ID,GRP_MATERIA_ID) values (9,'A0015','MAT11');
Insert into USR_ADMIN.GRUPO (GRP_CALIFICACION,GRP_ALUMNO_ID,GRP_MATERIA_ID) values (8,'A0016','MAT08');
Insert into USR_ADMIN.GRUPO (GRP_CALIFICACION,GRP_ALUMNO_ID,GRP_MATERIA_ID) values (6,'A0016','MAT09');
Insert into USR_ADMIN.GRUPO (GRP_CALIFICACION,GRP_ALUMNO_ID,GRP_MATERIA_ID) values (9,'A0016','MAT10');
Insert into USR_ADMIN.GRUPO (GRP_CALIFICACION,GRP_ALUMNO_ID,GRP_MATERIA_ID) values (4,'A0016','MAT11');
Insert into USR_ADMIN.GRUPO (GRP_CALIFICACION,GRP_ALUMNO_ID,GRP_MATERIA_ID) values (9,'A0017','MAT12');
Insert into USR_ADMIN.GRUPO (GRP_CALIFICACION,GRP_ALUMNO_ID,GRP_MATERIA_ID) values (10,'A0017','MAT13');
Insert into USR_ADMIN.GRUPO (GRP_CALIFICACION,GRP_ALUMNO_ID,GRP_MATERIA_ID) values (6,'A0017','MAT15');
Insert into USR_ADMIN.GRUPO (GRP_CALIFICACION,GRP_ALUMNO_ID,GRP_MATERIA_ID) values (7,'A0017','MAT16');
Insert into USR_ADMIN.GRUPO (GRP_CALIFICACION,GRP_ALUMNO_ID,GRP_MATERIA_ID) values (6,'A0018','MAT12');
Insert into USR_ADMIN.GRUPO (GRP_CALIFICACION,GRP_ALUMNO_ID,GRP_MATERIA_ID) values (8,'A0018','MAT13');
Insert into USR_ADMIN.GRUPO (GRP_CALIFICACION,GRP_ALUMNO_ID,GRP_MATERIA_ID) values (7,'A0018','MAT15');
Insert into USR_ADMIN.GRUPO (GRP_CALIFICACION,GRP_ALUMNO_ID,GRP_MATERIA_ID) values (9,'A0019','MAT16');
Insert into USR_ADMIN.GRUPO (GRP_CALIFICACION,GRP_ALUMNO_ID,GRP_MATERIA_ID) values (7,'A0019','MAT17');
Insert into USR_ADMIN.GRUPO (GRP_CALIFICACION,GRP_ALUMNO_ID,GRP_MATERIA_ID) values (10,'A0019','MAT18');
Insert into USR_ADMIN.GRUPO (GRP_CALIFICACION,GRP_ALUMNO_ID,GRP_MATERIA_ID) values (10,'A0019','MAT19');
Insert into USR_ADMIN.GRUPO (GRP_CALIFICACION,GRP_ALUMNO_ID,GRP_MATERIA_ID) values (10,'A0019','MAT20');
Insert into USR_ADMIN.GRUPO (GRP_CALIFICACION,GRP_ALUMNO_ID,GRP_MATERIA_ID) values (9,'A0020','MAT17');
Insert into USR_ADMIN.GRUPO (GRP_CALIFICACION,GRP_ALUMNO_ID,GRP_MATERIA_ID) values (9,'A0020','MAT18');
Insert into USR_ADMIN.GRUPO (GRP_CALIFICACION,GRP_ALUMNO_ID,GRP_MATERIA_ID) values (7,'A0020','MAT19');
Insert into USR_ADMIN.GRUPO (GRP_CALIFICACION,GRP_ALUMNO_ID,GRP_MATERIA_ID) values (5,'A0020','MAT20');
Insert into USR_ADMIN.GRUPO (GRP_CALIFICACION,GRP_ALUMNO_ID,GRP_MATERIA_ID) values (8,'A0021','MAT01');
Insert into USR_ADMIN.GRUPO (GRP_CALIFICACION,GRP_ALUMNO_ID,GRP_MATERIA_ID) values (10,'A0021','MAT02');
Insert into USR_ADMIN.GRUPO (GRP_CALIFICACION,GRP_ALUMNO_ID,GRP_MATERIA_ID) values (5,'A0021','MAT03');
Insert into USR_ADMIN.GRUPO (GRP_CALIFICACION,GRP_ALUMNO_ID,GRP_MATERIA_ID) values (6,'A0021','MAT04');
Insert into USR_ADMIN.GRUPO (GRP_CALIFICACION,GRP_ALUMNO_ID,GRP_MATERIA_ID) values (5,'A0022','MAT01');
Insert into USR_ADMIN.GRUPO (GRP_CALIFICACION,GRP_ALUMNO_ID,GRP_MATERIA_ID) values (6,'A0022','MAT02');
Insert into USR_ADMIN.GRUPO (GRP_CALIFICACION,GRP_ALUMNO_ID,GRP_MATERIA_ID) values (7,'A0022','MAT03');
Insert into USR_ADMIN.GRUPO (GRP_CALIFICACION,GRP_ALUMNO_ID,GRP_MATERIA_ID) values (9,'A0022','MAT04');
Insert into USR_ADMIN.GRUPO (GRP_CALIFICACION,GRP_ALUMNO_ID,GRP_MATERIA_ID) values (10,'A0023','MAT05');
Insert into USR_ADMIN.GRUPO (GRP_CALIFICACION,GRP_ALUMNO_ID,GRP_MATERIA_ID) values (6,'A0023','MAT06');
Insert into USR_ADMIN.GRUPO (GRP_CALIFICACION,GRP_ALUMNO_ID,GRP_MATERIA_ID) values (6,'A0023','MAT07');
Insert into USR_ADMIN.GRUPO (GRP_CALIFICACION,GRP_ALUMNO_ID,GRP_MATERIA_ID) values (5,'A0023','MAT08');
Insert into USR_ADMIN.GRUPO (GRP_CALIFICACION,GRP_ALUMNO_ID,GRP_MATERIA_ID) values (10,'A0024','MAT05');
Insert into USR_ADMIN.GRUPO (GRP_CALIFICACION,GRP_ALUMNO_ID,GRP_MATERIA_ID) values (8,'A0024','MAT06');
Insert into USR_ADMIN.GRUPO (GRP_CALIFICACION,GRP_ALUMNO_ID,GRP_MATERIA_ID) values (9,'A0024','MAT07');
Insert into USR_ADMIN.GRUPO (GRP_CALIFICACION,GRP_ALUMNO_ID,GRP_MATERIA_ID) values (7,'A0024','MAT08');
Insert into USR_ADMIN.GRUPO (GRP_CALIFICACION,GRP_ALUMNO_ID,GRP_MATERIA_ID) values (8,'A0025','MAT09');
Insert into USR_ADMIN.GRUPO (GRP_CALIFICACION,GRP_ALUMNO_ID,GRP_MATERIA_ID) values (6,'A0025','MAT10');
Insert into USR_ADMIN.GRUPO (GRP_CALIFICACION,GRP_ALUMNO_ID,GRP_MATERIA_ID) values (10,'A0025','MAT11');
Insert into USR_ADMIN.GRUPO (GRP_CALIFICACION,GRP_ALUMNO_ID,GRP_MATERIA_ID) values (10,'A0025','MAT12');
Insert into USR_ADMIN.GRUPO (GRP_CALIFICACION,GRP_ALUMNO_ID,GRP_MATERIA_ID) values (10,'A0026','MAT09');
Insert into USR_ADMIN.GRUPO (GRP_CALIFICACION,GRP_ALUMNO_ID,GRP_MATERIA_ID) values (8,'A0026','MAT10');
Insert into USR_ADMIN.GRUPO (GRP_CALIFICACION,GRP_ALUMNO_ID,GRP_MATERIA_ID) values (10,'A0026','MAT11');
Insert into USR_ADMIN.GRUPO (GRP_CALIFICACION,GRP_ALUMNO_ID,GRP_MATERIA_ID) values (10,'A0026','MAT12');
Insert into USR_ADMIN.GRUPO (GRP_CALIFICACION,GRP_ALUMNO_ID,GRP_MATERIA_ID) values (7,'A0027','MAT13');
Insert into USR_ADMIN.GRUPO (GRP_CALIFICACION,GRP_ALUMNO_ID,GRP_MATERIA_ID) values (9,'A0027','MAT15');
Insert into USR_ADMIN.GRUPO (GRP_CALIFICACION,GRP_ALUMNO_ID,GRP_MATERIA_ID) values (9,'A0027','MAT16');
Insert into USR_ADMIN.GRUPO (GRP_CALIFICACION,GRP_ALUMNO_ID,GRP_MATERIA_ID) values (10,'A0028','MAT13');
Insert into USR_ADMIN.GRUPO (GRP_CALIFICACION,GRP_ALUMNO_ID,GRP_MATERIA_ID) values (9,'A0028','MAT15');
Insert into USR_ADMIN.GRUPO (GRP_CALIFICACION,GRP_ALUMNO_ID,GRP_MATERIA_ID) values (10,'A0028','MAT16');
Insert into USR_ADMIN.GRUPO (GRP_CALIFICACION,GRP_ALUMNO_ID,GRP_MATERIA_ID) values (10,'A0029','MAT17');
Insert into USR_ADMIN.GRUPO (GRP_CALIFICACION,GRP_ALUMNO_ID,GRP_MATERIA_ID) values (5,'A0029','MAT18');
Insert into USR_ADMIN.GRUPO (GRP_CALIFICACION,GRP_ALUMNO_ID,GRP_MATERIA_ID) values (10,'A0029','MAT19');
Insert into USR_ADMIN.GRUPO (GRP_CALIFICACION,GRP_ALUMNO_ID,GRP_MATERIA_ID) values (10,'A0029','MAT20');
Insert into USR_ADMIN.GRUPO (GRP_CALIFICACION,GRP_ALUMNO_ID,GRP_MATERIA_ID) values (7,'A0030','MAT17');
Insert into USR_ADMIN.GRUPO (GRP_CALIFICACION,GRP_ALUMNO_ID,GRP_MATERIA_ID) values (7,'A0030','MAT18');
Insert into USR_ADMIN.GRUPO (GRP_CALIFICACION,GRP_ALUMNO_ID,GRP_MATERIA_ID) values (8,'A0030','MAT19');
Insert into USR_ADMIN.GRUPO (GRP_CALIFICACION,GRP_ALUMNO_ID,GRP_MATERIA_ID) values (9,'A0030','MAT20');
Insert into USR_ADMIN.GRUPO (GRP_CALIFICACION,GRP_ALUMNO_ID,GRP_MATERIA_ID) values (9,'A0031','MAT21');
Insert into USR_ADMIN.GRUPO (GRP_CALIFICACION,GRP_ALUMNO_ID,GRP_MATERIA_ID) values (6,'A0031','MAT01');
Insert into USR_ADMIN.GRUPO (GRP_CALIFICACION,GRP_ALUMNO_ID,GRP_MATERIA_ID) values (9,'A0031','MAT02');
Insert into USR_ADMIN.GRUPO (GRP_CALIFICACION,GRP_ALUMNO_ID,GRP_MATERIA_ID) values (3,'A0031','MAT03');
Insert into USR_ADMIN.GRUPO (GRP_CALIFICACION,GRP_ALUMNO_ID,GRP_MATERIA_ID) values (7,'A0032','MAT21');
Insert into USR_ADMIN.GRUPO (GRP_CALIFICACION,GRP_ALUMNO_ID,GRP_MATERIA_ID) values (4,'A0032','MAT01');
Insert into USR_ADMIN.GRUPO (GRP_CALIFICACION,GRP_ALUMNO_ID,GRP_MATERIA_ID) values (5,'A0032','MAT02');
Insert into USR_ADMIN.GRUPO (GRP_CALIFICACION,GRP_ALUMNO_ID,GRP_MATERIA_ID) values (10,'A0032','MAT03');
Insert into USR_ADMIN.GRUPO (GRP_CALIFICACION,GRP_ALUMNO_ID,GRP_MATERIA_ID) values (7,'A0033','MAT04');
Insert into USR_ADMIN.GRUPO (GRP_CALIFICACION,GRP_ALUMNO_ID,GRP_MATERIA_ID) values (6,'A0033','MAT05');
Insert into USR_ADMIN.GRUPO (GRP_CALIFICACION,GRP_ALUMNO_ID,GRP_MATERIA_ID) values (8,'A0033','MAT06');
Insert into USR_ADMIN.GRUPO (GRP_CALIFICACION,GRP_ALUMNO_ID,GRP_MATERIA_ID) values (8,'A0033','MAT07');
Insert into USR_ADMIN.GRUPO (GRP_CALIFICACION,GRP_ALUMNO_ID,GRP_MATERIA_ID) values (6,'A0034','MAT04');
Insert into USR_ADMIN.GRUPO (GRP_CALIFICACION,GRP_ALUMNO_ID,GRP_MATERIA_ID) values (6,'A0034','MAT05');
Insert into USR_ADMIN.GRUPO (GRP_CALIFICACION,GRP_ALUMNO_ID,GRP_MATERIA_ID) values (6,'A0034','MAT06');
Insert into USR_ADMIN.GRUPO (GRP_CALIFICACION,GRP_ALUMNO_ID,GRP_MATERIA_ID) values (9,'A0034','MAT07');
Insert into USR_ADMIN.GRUPO (GRP_CALIFICACION,GRP_ALUMNO_ID,GRP_MATERIA_ID) values (6,'A0035','MAT08');
Insert into USR_ADMIN.GRUPO (GRP_CALIFICACION,GRP_ALUMNO_ID,GRP_MATERIA_ID) values (6,'A0035','MAT09');
Insert into USR_ADMIN.GRUPO (GRP_CALIFICACION,GRP_ALUMNO_ID,GRP_MATERIA_ID) values (7,'A0035','MAT10');
Insert into USR_ADMIN.GRUPO (GRP_CALIFICACION,GRP_ALUMNO_ID,GRP_MATERIA_ID) values (8,'A0035','MAT11');
Insert into USR_ADMIN.GRUPO (GRP_CALIFICACION,GRP_ALUMNO_ID,GRP_MATERIA_ID) values (9,'A0036','MAT08');
Insert into USR_ADMIN.GRUPO (GRP_CALIFICACION,GRP_ALUMNO_ID,GRP_MATERIA_ID) values (10,'A0036','MAT09');
Insert into USR_ADMIN.GRUPO (GRP_CALIFICACION,GRP_ALUMNO_ID,GRP_MATERIA_ID) values (10,'A0036','MAT10');
Insert into USR_ADMIN.GRUPO (GRP_CALIFICACION,GRP_ALUMNO_ID,GRP_MATERIA_ID) values (10,'A0036','MAT11');
Insert into USR_ADMIN.GRUPO (GRP_CALIFICACION,GRP_ALUMNO_ID,GRP_MATERIA_ID) values (9,'A0037','MAT12');
Insert into USR_ADMIN.GRUPO (GRP_CALIFICACION,GRP_ALUMNO_ID,GRP_MATERIA_ID) values (6,'A0037','MAT13');
Insert into USR_ADMIN.GRUPO (GRP_CALIFICACION,GRP_ALUMNO_ID,GRP_MATERIA_ID) values (8,'A0037','MAT15');
Insert into USR_ADMIN.GRUPO (GRP_CALIFICACION,GRP_ALUMNO_ID,GRP_MATERIA_ID) values (9,'A0038','MAT12');
Insert into USR_ADMIN.GRUPO (GRP_CALIFICACION,GRP_ALUMNO_ID,GRP_MATERIA_ID) values (10,'A0038','MAT13');
Insert into USR_ADMIN.GRUPO (GRP_CALIFICACION,GRP_ALUMNO_ID,GRP_MATERIA_ID) values (5,'A0038','MAT15');
Insert into USR_ADMIN.GRUPO (GRP_CALIFICACION,GRP_ALUMNO_ID,GRP_MATERIA_ID) values (6,'A0039','MAT16');
Insert into USR_ADMIN.GRUPO (GRP_CALIFICACION,GRP_ALUMNO_ID,GRP_MATERIA_ID) values (5,'A0039','MAT17');
Insert into USR_ADMIN.GRUPO (GRP_CALIFICACION,GRP_ALUMNO_ID,GRP_MATERIA_ID) values (5,'A0039','MAT18');
Insert into USR_ADMIN.GRUPO (GRP_CALIFICACION,GRP_ALUMNO_ID,GRP_MATERIA_ID) values (5,'A0039','MAT19');
Insert into USR_ADMIN.GRUPO (GRP_CALIFICACION,GRP_ALUMNO_ID,GRP_MATERIA_ID) values (9,'A0040','MAT16');
Insert into USR_ADMIN.GRUPO (GRP_CALIFICACION,GRP_ALUMNO_ID,GRP_MATERIA_ID) values (8,'A0040','MAT17');
Insert into USR_ADMIN.GRUPO (GRP_CALIFICACION,GRP_ALUMNO_ID,GRP_MATERIA_ID) values (8,'A0040','MAT18');
Insert into USR_ADMIN.GRUPO (GRP_CALIFICACION,GRP_ALUMNO_ID,GRP_MATERIA_ID) values (7,'A0040','MAT19');
REM INSERTING into USR_ADMIN.INSTITUCION
SET DEFINE OFF;
Insert into USR_ADMIN.INSTITUCION (INS_ID,INS_NOMBRE_ESCUELA) values ('INS01','INSTITUTO POLITÉCNICO NACIONAL');
Insert into USR_ADMIN.INSTITUCION (INS_ID,INS_NOMBRE_ESCUELA) values ('INS02','UNIVERSIDAD NACIONAL AUTÓNOMA DE MÉXICO');
Insert into USR_ADMIN.INSTITUCION (INS_ID,INS_NOMBRE_ESCUELA) values ('INS03','COLEGIO DE BACHILLERES');
Insert into USR_ADMIN.INSTITUCION (INS_ID,INS_NOMBRE_ESCUELA) values ('INS04','CONALEP');
REM INSERTING into USR_ADMIN.MATERIA
SET DEFINE OFF;
Insert into USR_ADMIN.MATERIA (MAT_ID,MAT_MATERIAS,MAT_PROFESOR_ID) values ('MAT01','ALGEBRA','PRF01');
Insert into USR_ADMIN.MATERIA (MAT_ID,MAT_MATERIAS,MAT_PROFESOR_ID) values ('MAT02','QUIMICA','PRF02');
Insert into USR_ADMIN.MATERIA (MAT_ID,MAT_MATERIAS,MAT_PROFESOR_ID) values ('MAT03','BIOLOGÍA','PRF03');
Insert into USR_ADMIN.MATERIA (MAT_ID,MAT_MATERIAS,MAT_PROFESOR_ID) values ('MAT04','FILOSOFÍA','PRF04');
Insert into USR_ADMIN.MATERIA (MAT_ID,MAT_MATERIAS,MAT_PROFESOR_ID) values ('MAT05','CÁLCULO DIFERENCIAL','PRF05');
Insert into USR_ADMIN.MATERIA (MAT_ID,MAT_MATERIAS,MAT_PROFESOR_ID) values ('MAT06','CALCULO INTEGRAL','PRF06');
Insert into USR_ADMIN.MATERIA (MAT_ID,MAT_MATERIAS,MAT_PROFESOR_ID) values ('MAT07','ANATOMÍA','PRF07');
Insert into USR_ADMIN.MATERIA (MAT_ID,MAT_MATERIAS,MAT_PROFESOR_ID) values ('MAT08','HUMANIDADES','PRF08');
Insert into USR_ADMIN.MATERIA (MAT_ID,MAT_MATERIAS,MAT_PROFESOR_ID) values ('MAT09','COMPUTACIÓN','PRF09');
Insert into USR_ADMIN.MATERIA (MAT_ID,MAT_MATERIAS,MAT_PROFESOR_ID) values ('MAT10','INGLES','PRF10');
Insert into USR_ADMIN.MATERIA (MAT_ID,MAT_MATERIAS,MAT_PROFESOR_ID) values ('MAT11','COMPRESIÓN LECTORA','PRF11');
Insert into USR_ADMIN.MATERIA (MAT_ID,MAT_MATERIAS,MAT_PROFESOR_ID) values ('MAT12','INGLES II','PRF12');
Insert into USR_ADMIN.MATERIA (MAT_ID,MAT_MATERIAS,MAT_PROFESOR_ID) values ('MAT15','HISTORIA DE MÉXICO','PRF15');
Insert into USR_ADMIN.MATERIA (MAT_ID,MAT_MATERIAS,MAT_PROFESOR_ID) values ('MAT16','HISTORIA UNIVERSAL','PRF16');
Insert into USR_ADMIN.MATERIA (MAT_ID,MAT_MATERIAS,MAT_PROFESOR_ID) values ('MAT17','TRIGONOMETRIA','PRF17');
Insert into USR_ADMIN.MATERIA (MAT_ID,MAT_MATERIAS,MAT_PROFESOR_ID) values ('MAT18','GEOMETRIA ANALITICA','PRF18');
Insert into USR_ADMIN.MATERIA (MAT_ID,MAT_MATERIAS,MAT_PROFESOR_ID) values ('MAT19','INGLES III','PRF12');
Insert into USR_ADMIN.MATERIA (MAT_ID,MAT_MATERIAS,MAT_PROFESOR_ID) values ('MAT21','QUIMICA 2 ','PRF20');
Insert into USR_ADMIN.MATERIA (MAT_ID,MAT_MATERIAS,MAT_PROFESOR_ID) values ('MAT20','PROGRAMACIÓN I','PRF19');
Insert into USR_ADMIN.MATERIA (MAT_ID,MAT_MATERIAS,MAT_PROFESOR_ID) values ('MAT13','ORIENTACIÓN','PRF14');
REM INSERTING into USR_ADMIN.PROFESOR
SET DEFINE OFF;
Insert into USR_ADMIN.PROFESOR (PRF_ID,PRF_NOMBRE,PRF_APELLIDO_PAT,PRF_APELLIDO_MAT,PRF_SEXO) values ('PRF01','Jose','Javier','Velez','H');
Insert into USR_ADMIN.PROFESOR (PRF_ID,PRF_NOMBRE,PRF_APELLIDO_PAT,PRF_APELLIDO_MAT,PRF_SEXO) values ('PRF02','Gisela','Rodríguez','Roman','M');
Insert into USR_ADMIN.PROFESOR (PRF_ID,PRF_NOMBRE,PRF_APELLIDO_PAT,PRF_APELLIDO_MAT,PRF_SEXO) values ('PRF03','Bernabe','Mariño','Ortega','H');
Insert into USR_ADMIN.PROFESOR (PRF_ID,PRF_NOMBRE,PRF_APELLIDO_PAT,PRF_APELLIDO_MAT,PRF_SEXO) values ('PRF04','Aránzazu','Araujo','Barrio','H');
Insert into USR_ADMIN.PROFESOR (PRF_ID,PRF_NOMBRE,PRF_APELLIDO_PAT,PRF_APELLIDO_MAT,PRF_SEXO) values ('PRF05','Julieta ','Morales','Pons','M');
Insert into USR_ADMIN.PROFESOR (PRF_ID,PRF_NOMBRE,PRF_APELLIDO_PAT,PRF_APELLIDO_MAT,PRF_SEXO) values ('PRF06','Marcial',' Morillo','Castilla','H');
Insert into USR_ADMIN.PROFESOR (PRF_ID,PRF_NOMBRE,PRF_APELLIDO_PAT,PRF_APELLIDO_MAT,PRF_SEXO) values ('PRF07','Jose Ignacio','Gomis','Garzón','H');
Insert into USR_ADMIN.PROFESOR (PRF_ID,PRF_NOMBRE,PRF_APELLIDO_PAT,PRF_APELLIDO_MAT,PRF_SEXO) values ('PRF08','Asunción',' Riquelme',' Garay','M');
Insert into USR_ADMIN.PROFESOR (PRF_ID,PRF_NOMBRE,PRF_APELLIDO_PAT,PRF_APELLIDO_MAT,PRF_SEXO) values ('PRF09','Cándida','Prieto','Moliner','M');
Insert into USR_ADMIN.PROFESOR (PRF_ID,PRF_NOMBRE,PRF_APELLIDO_PAT,PRF_APELLIDO_MAT,PRF_SEXO) values ('PRF10','Susanita','Luján','Barrena','M');
Insert into USR_ADMIN.PROFESOR (PRF_ID,PRF_NOMBRE,PRF_APELLIDO_PAT,PRF_APELLIDO_MAT,PRF_SEXO) values ('PRF11','Rosa Eugenia','Gómez','Pascual','M');
Insert into USR_ADMIN.PROFESOR (PRF_ID,PRF_NOMBRE,PRF_APELLIDO_PAT,PRF_APELLIDO_MAT,PRF_SEXO) values ('PRF12','Florencio','Saavedra','Santiago','H');
Insert into USR_ADMIN.PROFESOR (PRF_ID,PRF_NOMBRE,PRF_APELLIDO_PAT,PRF_APELLIDO_MAT,PRF_SEXO) values ('PRF13','Ismael','Tena','Simón','H');
Insert into USR_ADMIN.PROFESOR (PRF_ID,PRF_NOMBRE,PRF_APELLIDO_PAT,PRF_APELLIDO_MAT,PRF_SEXO) values ('PRF14','Édgar','Benavente','Tolosa','H');
Insert into USR_ADMIN.PROFESOR (PRF_ID,PRF_NOMBRE,PRF_APELLIDO_PAT,PRF_APELLIDO_MAT,PRF_SEXO) values ('PRF15','Ana',' Belén ','De Fuentes','M');
Insert into USR_ADMIN.PROFESOR (PRF_ID,PRF_NOMBRE,PRF_APELLIDO_PAT,PRF_APELLIDO_MAT,PRF_SEXO) values ('PRF16','Clarisa','Martorell','Castellanos','M');
Insert into USR_ADMIN.PROFESOR (PRF_ID,PRF_NOMBRE,PRF_APELLIDO_PAT,PRF_APELLIDO_MAT,PRF_SEXO) values ('PRF17','Roberta Benigna','Teruel','Boix','M');
Insert into USR_ADMIN.PROFESOR (PRF_ID,PRF_NOMBRE,PRF_APELLIDO_PAT,PRF_APELLIDO_MAT,PRF_SEXO) values ('PRF18','Manuel','Rodríguez','Torres','H');
Insert into USR_ADMIN.PROFESOR (PRF_ID,PRF_NOMBRE,PRF_APELLIDO_PAT,PRF_APELLIDO_MAT,PRF_SEXO) values ('PRF19','Brian','Rojano','Ortega','H');
Insert into USR_ADMIN.PROFESOR (PRF_ID,PRF_NOMBRE,PRF_APELLIDO_PAT,PRF_APELLIDO_MAT,PRF_SEXO) values ('PRF20','Aranza','Hernandez','Lopez','M');
REM INSERTING into USR_ADMIN.TUTOR
SET DEFINE OFF;
Insert into USR_ADMIN.TUTOR (TTR_ID,TTR_NOMBRE,TTR_APELLIDO_PAT,TTR_APELLIDO_MAT,TTR_SEXO,TTR_DIRECCION_ID) values ('T0001','ANA MARIA','GONZALEZ','ROMERO','M','DIR21');
Insert into USR_ADMIN.TUTOR (TTR_ID,TTR_NOMBRE,TTR_APELLIDO_PAT,TTR_APELLIDO_MAT,TTR_SEXO,TTR_DIRECCION_ID) values ('T0002','Juan','Lopez','Romero','H','DIR22');
Insert into USR_ADMIN.TUTOR (TTR_ID,TTR_NOMBRE,TTR_APELLIDO_PAT,TTR_APELLIDO_MAT,TTR_SEXO,TTR_DIRECCION_ID) values ('T0003','Martha','Sanchez','Robles','M','DIR23');
Insert into USR_ADMIN.TUTOR (TTR_ID,TTR_NOMBRE,TTR_APELLIDO_PAT,TTR_APELLIDO_MAT,TTR_SEXO,TTR_DIRECCION_ID) values ('T0004','Guillermo','Lopez','Romero','H','DIR24');
Insert into USR_ADMIN.TUTOR (TTR_ID,TTR_NOMBRE,TTR_APELLIDO_PAT,TTR_APELLIDO_MAT,TTR_SEXO,TTR_DIRECCION_ID) values ('T0005','Lucia','Castillo','Lopez','M','DIR25');
Insert into USR_ADMIN.TUTOR (TTR_ID,TTR_NOMBRE,TTR_APELLIDO_PAT,TTR_APELLIDO_MAT,TTR_SEXO,TTR_DIRECCION_ID) values ('T0006','Antonio','Muñoz','Hernandez','H','DIR26');
Insert into USR_ADMIN.TUTOR (TTR_ID,TTR_NOMBRE,TTR_APELLIDO_PAT,TTR_APELLIDO_MAT,TTR_SEXO,TTR_DIRECCION_ID) values ('T0007','Lucas','Rios','Gonzalez','H','DIR27');
Insert into USR_ADMIN.TUTOR (TTR_ID,TTR_NOMBRE,TTR_APELLIDO_PAT,TTR_APELLIDO_MAT,TTR_SEXO,TTR_DIRECCION_ID) values ('T0008','Laura','Espinoza','Muñoz','M','DIR28');
Insert into USR_ADMIN.TUTOR (TTR_ID,TTR_NOMBRE,TTR_APELLIDO_PAT,TTR_APELLIDO_MAT,TTR_SEXO,TTR_DIRECCION_ID) values ('T0009','Karen','Ortega','Lopez','M','DIR29');
Insert into USR_ADMIN.TUTOR (TTR_ID,TTR_NOMBRE,TTR_APELLIDO_PAT,TTR_APELLIDO_MAT,TTR_SEXO,TTR_DIRECCION_ID) values ('T0010','Jesus','Soto','Nuñez','H','DIR30');
Insert into USR_ADMIN.TUTOR (TTR_ID,TTR_NOMBRE,TTR_APELLIDO_PAT,TTR_APELLIDO_MAT,TTR_SEXO,TTR_DIRECCION_ID) values ('T0011','Araceli','Valdez','Fernandez','M','DIR31');
Insert into USR_ADMIN.TUTOR (TTR_ID,TTR_NOMBRE,TTR_APELLIDO_PAT,TTR_APELLIDO_MAT,TTR_SEXO,TTR_DIRECCION_ID) values ('T0012','Carlos','Sanchez','Guzman','H','DIR32');
Insert into USR_ADMIN.TUTOR (TTR_ID,TTR_NOMBRE,TTR_APELLIDO_PAT,TTR_APELLIDO_MAT,TTR_SEXO,TTR_DIRECCION_ID) values ('T0013','Silvia','Cortez','Diaz','M','DIR33');
Insert into USR_ADMIN.TUTOR (TTR_ID,TTR_NOMBRE,TTR_APELLIDO_PAT,TTR_APELLIDO_MAT,TTR_SEXO,TTR_DIRECCION_ID) values ('T0014','Santiago','Torres','Jimenez','H','DIR34');
Insert into USR_ADMIN.TUTOR (TTR_ID,TTR_NOMBRE,TTR_APELLIDO_PAT,TTR_APELLIDO_MAT,TTR_SEXO,TTR_DIRECCION_ID) values ('T0015','Maria','Medina','Ruiz','M','DIR35');
Insert into USR_ADMIN.TUTOR (TTR_ID,TTR_NOMBRE,TTR_APELLIDO_PAT,TTR_APELLIDO_MAT,TTR_SEXO,TTR_DIRECCION_ID) values ('T0016','Arturo','Lopez','Guzman','H','DIR36');
Insert into USR_ADMIN.TUTOR (TTR_ID,TTR_NOMBRE,TTR_APELLIDO_PAT,TTR_APELLIDO_MAT,TTR_SEXO,TTR_DIRECCION_ID) values ('T0017','Silvia','Cortez','Diaz','M','DIR37');
Insert into USR_ADMIN.TUTOR (TTR_ID,TTR_NOMBRE,TTR_APELLIDO_PAT,TTR_APELLIDO_MAT,TTR_SEXO,TTR_DIRECCION_ID) values ('T0018','Olivia','Chavez','Ortiz','M','DIR38');
Insert into USR_ADMIN.TUTOR (TTR_ID,TTR_NOMBRE,TTR_APELLIDO_PAT,TTR_APELLIDO_MAT,TTR_SEXO,TTR_DIRECCION_ID) values ('T0019','Karla','Flores','Montañez','M','DIR39');
Insert into USR_ADMIN.TUTOR (TTR_ID,TTR_NOMBRE,TTR_APELLIDO_PAT,TTR_APELLIDO_MAT,TTR_SEXO,TTR_DIRECCION_ID) values ('T0020','Angela','Guzman','Peralta','M','DIR40');
Insert into USR_ADMIN.TUTOR (TTR_ID,TTR_NOMBRE,TTR_APELLIDO_PAT,TTR_APELLIDO_MAT,TTR_SEXO,TTR_DIRECCION_ID) values ('T0021','Juana','Castillo','Martinez','M','DIR41');
Insert into USR_ADMIN.TUTOR (TTR_ID,TTR_NOMBRE,TTR_APELLIDO_PAT,TTR_APELLIDO_MAT,TTR_SEXO,TTR_DIRECCION_ID) values ('T0022','David','Salazar','Ortega','M','DIR42');
Insert into USR_ADMIN.TUTOR (TTR_ID,TTR_NOMBRE,TTR_APELLIDO_PAT,TTR_APELLIDO_MAT,TTR_SEXO,TTR_DIRECCION_ID) values ('T0023','Marisol','Ramirez','Ortiz','M','DIR43');
Insert into USR_ADMIN.TUTOR (TTR_ID,TTR_NOMBRE,TTR_APELLIDO_PAT,TTR_APELLIDO_MAT,TTR_SEXO,TTR_DIRECCION_ID) values ('T0024','Angelica','Moran','Rodriguez','M','DIR44');
Insert into USR_ADMIN.TUTOR (TTR_ID,TTR_NOMBRE,TTR_APELLIDO_PAT,TTR_APELLIDO_MAT,TTR_SEXO,TTR_DIRECCION_ID) values ('T0025','Elizabeth','Medina','Montes','M','DIR45');
Insert into USR_ADMIN.TUTOR (TTR_ID,TTR_NOMBRE,TTR_APELLIDO_PAT,TTR_APELLIDO_MAT,TTR_SEXO,TTR_DIRECCION_ID) values ('T0026','Luis','Gonzalez','Morales','H','DIR46');
Insert into USR_ADMIN.TUTOR (TTR_ID,TTR_NOMBRE,TTR_APELLIDO_PAT,TTR_APELLIDO_MAT,TTR_SEXO,TTR_DIRECCION_ID) values ('T0027','Pedro','Sanchez','Flores','H','DIR47');
Insert into USR_ADMIN.TUTOR (TTR_ID,TTR_NOMBRE,TTR_APELLIDO_PAT,TTR_APELLIDO_MAT,TTR_SEXO,TTR_DIRECCION_ID) values ('T0028','Veronica','Guzman','Perez','M','DIR48');
Insert into USR_ADMIN.TUTOR (TTR_ID,TTR_NOMBRE,TTR_APELLIDO_PAT,TTR_APELLIDO_MAT,TTR_SEXO,TTR_DIRECCION_ID) values ('T0029','Tonatiu','Fernandez','Ocampo','H','DIR49');
Insert into USR_ADMIN.TUTOR (TTR_ID,TTR_NOMBRE,TTR_APELLIDO_PAT,TTR_APELLIDO_MAT,TTR_SEXO,TTR_DIRECCION_ID) values ('T0030','Ximena','Gomez','Morales','M','DIR50');
Insert into USR_ADMIN.TUTOR (TTR_ID,TTR_NOMBRE,TTR_APELLIDO_PAT,TTR_APELLIDO_MAT,TTR_SEXO,TTR_DIRECCION_ID) values ('T0032','Laura','Morales','Perez','M','DIR52');
Insert into USR_ADMIN.TUTOR (TTR_ID,TTR_NOMBRE,TTR_APELLIDO_PAT,TTR_APELLIDO_MAT,TTR_SEXO,TTR_DIRECCION_ID) values ('T0033','Monse','Sanchez','Huicochea','H','DIR53');
Insert into USR_ADMIN.TUTOR (TTR_ID,TTR_NOMBRE,TTR_APELLIDO_PAT,TTR_APELLIDO_MAT,TTR_SEXO,TTR_DIRECCION_ID) values ('T0034','Abril','Ruiz','Santos','M','DIR54');
Insert into USR_ADMIN.TUTOR (TTR_ID,TTR_NOMBRE,TTR_APELLIDO_PAT,TTR_APELLIDO_MAT,TTR_SEXO,TTR_DIRECCION_ID) values ('T0035','Marco','Ruiz','Ruiz','H','DIR55');
Insert into USR_ADMIN.TUTOR (TTR_ID,TTR_NOMBRE,TTR_APELLIDO_PAT,TTR_APELLIDO_MAT,TTR_SEXO,TTR_DIRECCION_ID) values ('T0036','Ivonne','Perez','Gutierrez','M','DIR56');
Insert into USR_ADMIN.TUTOR (TTR_ID,TTR_NOMBRE,TTR_APELLIDO_PAT,TTR_APELLIDO_MAT,TTR_SEXO,TTR_DIRECCION_ID) values ('T0037','Carol','Alvarez','Huicochea','M','DIR57');
Insert into USR_ADMIN.TUTOR (TTR_ID,TTR_NOMBRE,TTR_APELLIDO_PAT,TTR_APELLIDO_MAT,TTR_SEXO,TTR_DIRECCION_ID) values ('T0038','Tomas','Lopez','Castro','M','DIR58');
Insert into USR_ADMIN.TUTOR (TTR_ID,TTR_NOMBRE,TTR_APELLIDO_PAT,TTR_APELLIDO_MAT,TTR_SEXO,TTR_DIRECCION_ID) values ('T0039','Francisco','Rodriguez','Castillo','H','DIR59');
Insert into USR_ADMIN.TUTOR (TTR_ID,TTR_NOMBRE,TTR_APELLIDO_PAT,TTR_APELLIDO_MAT,TTR_SEXO,TTR_DIRECCION_ID) values ('T0040','Marco','Nuñez','Perez','M','DIR60');
Insert into USR_ADMIN.TUTOR (TTR_ID,TTR_NOMBRE,TTR_APELLIDO_PAT,TTR_APELLIDO_MAT,TTR_SEXO,TTR_DIRECCION_ID) values ('T0031','Tania','Dias','Ruiz','M','DIR51');
--------------------------------------------------------
--  DDL for Index PK_ALCALDIA
--------------------------------------------------------

  CREATE UNIQUE INDEX "USR_ADMIN"."PK_ALCALDIA" ON "USR_ADMIN"."ALCALDIA" ("ALC_ID") 
  PCTFREE 10 INITRANS 2 MAXTRANS 255 COMPUTE STATISTICS 
  STORAGE(INITIAL 65536 NEXT 1048576 MINEXTENTS 1 MAXEXTENTS 2147483645
  PCTINCREASE 0 FREELISTS 1 FREELIST GROUPS 1
  BUFFER_POOL DEFAULT FLASH_CACHE DEFAULT CELL_FLASH_CACHE DEFAULT)
  TABLESPACE "ESCUELAS" ;
--------------------------------------------------------
--  DDL for Index PK_ALUMNO
--------------------------------------------------------

  CREATE UNIQUE INDEX "USR_ADMIN"."PK_ALUMNO" ON "USR_ADMIN"."ALUMNO" ("ALM_ID") 
  PCTFREE 10 INITRANS 2 MAXTRANS 255 COMPUTE STATISTICS 
  STORAGE(INITIAL 65536 NEXT 1048576 MINEXTENTS 1 MAXEXTENTS 2147483645
  PCTINCREASE 0 FREELISTS 1 FREELIST GROUPS 1
  BUFFER_POOL DEFAULT FLASH_CACHE DEFAULT CELL_FLASH_CACHE DEFAULT)
  TABLESPACE "ESCUELAS" ;
--------------------------------------------------------
--  DDL for Index PK_CARRERA
--------------------------------------------------------

  CREATE UNIQUE INDEX "USR_ADMIN"."PK_CARRERA" ON "USR_ADMIN"."CARRERA" ("CAR_ID") 
  PCTFREE 10 INITRANS 2 MAXTRANS 255 COMPUTE STATISTICS 
  STORAGE(INITIAL 65536 NEXT 1048576 MINEXTENTS 1 MAXEXTENTS 2147483645
  PCTINCREASE 0 FREELISTS 1 FREELIST GROUPS 1
  BUFFER_POOL DEFAULT FLASH_CACHE DEFAULT CELL_FLASH_CACHE DEFAULT)
  TABLESPACE "ESCUELAS" ;
--------------------------------------------------------
--  DDL for Index PK_CORREO
--------------------------------------------------------

  CREATE UNIQUE INDEX "USR_ADMIN"."PK_CORREO" ON "USR_ADMIN"."CORREO" ("COR_ID") 
  PCTFREE 10 INITRANS 2 MAXTRANS 255 COMPUTE STATISTICS 
  STORAGE(INITIAL 65536 NEXT 1048576 MINEXTENTS 1 MAXEXTENTS 2147483645
  PCTINCREASE 0 FREELISTS 1 FREELIST GROUPS 1
  BUFFER_POOL DEFAULT FLASH_CACHE DEFAULT CELL_FLASH_CACHE DEFAULT)
  TABLESPACE "ESCUELAS" ;
--------------------------------------------------------
--  DDL for Index PK_DIRECCION
--------------------------------------------------------

  CREATE UNIQUE INDEX "USR_ADMIN"."PK_DIRECCION" ON "USR_ADMIN"."DIRECCION" ("DIR_ID") 
  PCTFREE 10 INITRANS 2 MAXTRANS 255 COMPUTE STATISTICS 
  STORAGE(INITIAL 65536 NEXT 1048576 MINEXTENTS 1 MAXEXTENTS 2147483645
  PCTINCREASE 0 FREELISTS 1 FREELIST GROUPS 1
  BUFFER_POOL DEFAULT FLASH_CACHE DEFAULT CELL_FLASH_CACHE DEFAULT)
  TABLESPACE "ESCUELAS" ;
--------------------------------------------------------
--  DDL for Index PK_ESCUELA
--------------------------------------------------------

  CREATE UNIQUE INDEX "USR_ADMIN"."PK_ESCUELA" ON "USR_ADMIN"."ESCUELA" ("ESC_CCT") 
  PCTFREE 10 INITRANS 2 MAXTRANS 255 COMPUTE STATISTICS 
  STORAGE(INITIAL 65536 NEXT 1048576 MINEXTENTS 1 MAXEXTENTS 2147483645
  PCTINCREASE 0 FREELISTS 1 FREELIST GROUPS 1
  BUFFER_POOL DEFAULT FLASH_CACHE DEFAULT CELL_FLASH_CACHE DEFAULT)
  TABLESPACE "ESCUELAS" ;
--------------------------------------------------------
--  DDL for Index PK_ESTADO
--------------------------------------------------------

  CREATE UNIQUE INDEX "USR_ADMIN"."PK_ESTADO" ON "USR_ADMIN"."ESTADO" ("EST_ID") 
  PCTFREE 10 INITRANS 2 MAXTRANS 255 COMPUTE STATISTICS 
  STORAGE(INITIAL 65536 NEXT 1048576 MINEXTENTS 1 MAXEXTENTS 2147483645
  PCTINCREASE 0 FREELISTS 1 FREELIST GROUPS 1
  BUFFER_POOL DEFAULT FLASH_CACHE DEFAULT CELL_FLASH_CACHE DEFAULT)
  TABLESPACE "ESCUELAS" ;
--------------------------------------------------------
--  DDL for Index PK_GRUPO
--------------------------------------------------------

  CREATE UNIQUE INDEX "USR_ADMIN"."PK_GRUPO" ON "USR_ADMIN"."GRUPO" ("GRP_ALUMNO_ID", "GRP_MATERIA_ID") 
  PCTFREE 10 INITRANS 2 MAXTRANS 255 COMPUTE STATISTICS 
  STORAGE(INITIAL 65536 NEXT 1048576 MINEXTENTS 1 MAXEXTENTS 2147483645
  PCTINCREASE 0 FREELISTS 1 FREELIST GROUPS 1
  BUFFER_POOL DEFAULT FLASH_CACHE DEFAULT CELL_FLASH_CACHE DEFAULT)
  TABLESPACE "ESCUELAS" ;
--------------------------------------------------------
--  DDL for Index PK_INSTITUCION
--------------------------------------------------------

  CREATE UNIQUE INDEX "USR_ADMIN"."PK_INSTITUCION" ON "USR_ADMIN"."INSTITUCION" ("INS_ID") 
  PCTFREE 10 INITRANS 2 MAXTRANS 255 COMPUTE STATISTICS 
  STORAGE(INITIAL 65536 NEXT 1048576 MINEXTENTS 1 MAXEXTENTS 2147483645
  PCTINCREASE 0 FREELISTS 1 FREELIST GROUPS 1
  BUFFER_POOL DEFAULT FLASH_CACHE DEFAULT CELL_FLASH_CACHE DEFAULT)
  TABLESPACE "ESCUELAS" ;
--------------------------------------------------------
--  DDL for Index PK_MATERIA
--------------------------------------------------------

  CREATE UNIQUE INDEX "USR_ADMIN"."PK_MATERIA" ON "USR_ADMIN"."MATERIA" ("MAT_ID") 
  PCTFREE 10 INITRANS 2 MAXTRANS 255 COMPUTE STATISTICS 
  STORAGE(INITIAL 65536 NEXT 1048576 MINEXTENTS 1 MAXEXTENTS 2147483645
  PCTINCREASE 0 FREELISTS 1 FREELIST GROUPS 1
  BUFFER_POOL DEFAULT FLASH_CACHE DEFAULT CELL_FLASH_CACHE DEFAULT)
  TABLESPACE "ESCUELAS" ;
--------------------------------------------------------
--  DDL for Index PK_PROFESOR
--------------------------------------------------------

  CREATE UNIQUE INDEX "USR_ADMIN"."PK_PROFESOR" ON "USR_ADMIN"."PROFESOR" ("PRF_ID") 
  PCTFREE 10 INITRANS 2 MAXTRANS 255 COMPUTE STATISTICS 
  STORAGE(INITIAL 65536 NEXT 1048576 MINEXTENTS 1 MAXEXTENTS 2147483645
  PCTINCREASE 0 FREELISTS 1 FREELIST GROUPS 1
  BUFFER_POOL DEFAULT FLASH_CACHE DEFAULT CELL_FLASH_CACHE DEFAULT)
  TABLESPACE "ESCUELAS" ;
--------------------------------------------------------
--  DDL for Index PK_TUTOR
--------------------------------------------------------

  CREATE UNIQUE INDEX "USR_ADMIN"."PK_TUTOR" ON "USR_ADMIN"."TUTOR" ("TTR_ID") 
  PCTFREE 10 INITRANS 2 MAXTRANS 255 COMPUTE STATISTICS 
  STORAGE(INITIAL 65536 NEXT 1048576 MINEXTENTS 1 MAXEXTENTS 2147483645
  PCTINCREASE 0 FREELISTS 1 FREELIST GROUPS 1
  BUFFER_POOL DEFAULT FLASH_CACHE DEFAULT CELL_FLASH_CACHE DEFAULT)
  TABLESPACE "ESCUELAS" ;
--------------------------------------------------------
--  DDL for Index PK_ALCALDIA
--------------------------------------------------------

  CREATE UNIQUE INDEX "USR_ADMIN"."PK_ALCALDIA" ON "USR_ADMIN"."ALCALDIA" ("ALC_ID") 
  PCTFREE 10 INITRANS 2 MAXTRANS 255 COMPUTE STATISTICS 
  STORAGE(INITIAL 65536 NEXT 1048576 MINEXTENTS 1 MAXEXTENTS 2147483645
  PCTINCREASE 0 FREELISTS 1 FREELIST GROUPS 1
  BUFFER_POOL DEFAULT FLASH_CACHE DEFAULT CELL_FLASH_CACHE DEFAULT)
  TABLESPACE "ESCUELAS" ;
--------------------------------------------------------
--  DDL for Index PK_ALUMNO
--------------------------------------------------------

  CREATE UNIQUE INDEX "USR_ADMIN"."PK_ALUMNO" ON "USR_ADMIN"."ALUMNO" ("ALM_ID") 
  PCTFREE 10 INITRANS 2 MAXTRANS 255 COMPUTE STATISTICS 
  STORAGE(INITIAL 65536 NEXT 1048576 MINEXTENTS 1 MAXEXTENTS 2147483645
  PCTINCREASE 0 FREELISTS 1 FREELIST GROUPS 1
  BUFFER_POOL DEFAULT FLASH_CACHE DEFAULT CELL_FLASH_CACHE DEFAULT)
  TABLESPACE "ESCUELAS" ;
--------------------------------------------------------
--  DDL for Index PK_CARRERA
--------------------------------------------------------

  CREATE UNIQUE INDEX "USR_ADMIN"."PK_CARRERA" ON "USR_ADMIN"."CARRERA" ("CAR_ID") 
  PCTFREE 10 INITRANS 2 MAXTRANS 255 COMPUTE STATISTICS 
  STORAGE(INITIAL 65536 NEXT 1048576 MINEXTENTS 1 MAXEXTENTS 2147483645
  PCTINCREASE 0 FREELISTS 1 FREELIST GROUPS 1
  BUFFER_POOL DEFAULT FLASH_CACHE DEFAULT CELL_FLASH_CACHE DEFAULT)
  TABLESPACE "ESCUELAS" ;
--------------------------------------------------------
--  DDL for Index PK_CORREO
--------------------------------------------------------

  CREATE UNIQUE INDEX "USR_ADMIN"."PK_CORREO" ON "USR_ADMIN"."CORREO" ("COR_ID") 
  PCTFREE 10 INITRANS 2 MAXTRANS 255 COMPUTE STATISTICS 
  STORAGE(INITIAL 65536 NEXT 1048576 MINEXTENTS 1 MAXEXTENTS 2147483645
  PCTINCREASE 0 FREELISTS 1 FREELIST GROUPS 1
  BUFFER_POOL DEFAULT FLASH_CACHE DEFAULT CELL_FLASH_CACHE DEFAULT)
  TABLESPACE "ESCUELAS" ;
--------------------------------------------------------
--  DDL for Index PK_DIRECCION
--------------------------------------------------------

  CREATE UNIQUE INDEX "USR_ADMIN"."PK_DIRECCION" ON "USR_ADMIN"."DIRECCION" ("DIR_ID") 
  PCTFREE 10 INITRANS 2 MAXTRANS 255 COMPUTE STATISTICS 
  STORAGE(INITIAL 65536 NEXT 1048576 MINEXTENTS 1 MAXEXTENTS 2147483645
  PCTINCREASE 0 FREELISTS 1 FREELIST GROUPS 1
  BUFFER_POOL DEFAULT FLASH_CACHE DEFAULT CELL_FLASH_CACHE DEFAULT)
  TABLESPACE "ESCUELAS" ;
--------------------------------------------------------
--  DDL for Index PK_ESCUELA
--------------------------------------------------------

  CREATE UNIQUE INDEX "USR_ADMIN"."PK_ESCUELA" ON "USR_ADMIN"."ESCUELA" ("ESC_CCT") 
  PCTFREE 10 INITRANS 2 MAXTRANS 255 COMPUTE STATISTICS 
  STORAGE(INITIAL 65536 NEXT 1048576 MINEXTENTS 1 MAXEXTENTS 2147483645
  PCTINCREASE 0 FREELISTS 1 FREELIST GROUPS 1
  BUFFER_POOL DEFAULT FLASH_CACHE DEFAULT CELL_FLASH_CACHE DEFAULT)
  TABLESPACE "ESCUELAS" ;
--------------------------------------------------------
--  DDL for Index PK_ESTADO
--------------------------------------------------------

  CREATE UNIQUE INDEX "USR_ADMIN"."PK_ESTADO" ON "USR_ADMIN"."ESTADO" ("EST_ID") 
  PCTFREE 10 INITRANS 2 MAXTRANS 255 COMPUTE STATISTICS 
  STORAGE(INITIAL 65536 NEXT 1048576 MINEXTENTS 1 MAXEXTENTS 2147483645
  PCTINCREASE 0 FREELISTS 1 FREELIST GROUPS 1
  BUFFER_POOL DEFAULT FLASH_CACHE DEFAULT CELL_FLASH_CACHE DEFAULT)
  TABLESPACE "ESCUELAS" ;
--------------------------------------------------------
--  DDL for Index PK_GRUPO
--------------------------------------------------------

  CREATE UNIQUE INDEX "USR_ADMIN"."PK_GRUPO" ON "USR_ADMIN"."GRUPO" ("GRP_ALUMNO_ID", "GRP_MATERIA_ID") 
  PCTFREE 10 INITRANS 2 MAXTRANS 255 COMPUTE STATISTICS 
  STORAGE(INITIAL 65536 NEXT 1048576 MINEXTENTS 1 MAXEXTENTS 2147483645
  PCTINCREASE 0 FREELISTS 1 FREELIST GROUPS 1
  BUFFER_POOL DEFAULT FLASH_CACHE DEFAULT CELL_FLASH_CACHE DEFAULT)
  TABLESPACE "ESCUELAS" ;
--------------------------------------------------------
--  DDL for Index PK_INSTITUCION
--------------------------------------------------------

  CREATE UNIQUE INDEX "USR_ADMIN"."PK_INSTITUCION" ON "USR_ADMIN"."INSTITUCION" ("INS_ID") 
  PCTFREE 10 INITRANS 2 MAXTRANS 255 COMPUTE STATISTICS 
  STORAGE(INITIAL 65536 NEXT 1048576 MINEXTENTS 1 MAXEXTENTS 2147483645
  PCTINCREASE 0 FREELISTS 1 FREELIST GROUPS 1
  BUFFER_POOL DEFAULT FLASH_CACHE DEFAULT CELL_FLASH_CACHE DEFAULT)
  TABLESPACE "ESCUELAS" ;
--------------------------------------------------------
--  DDL for Index PK_MATERIA
--------------------------------------------------------

  CREATE UNIQUE INDEX "USR_ADMIN"."PK_MATERIA" ON "USR_ADMIN"."MATERIA" ("MAT_ID") 
  PCTFREE 10 INITRANS 2 MAXTRANS 255 COMPUTE STATISTICS 
  STORAGE(INITIAL 65536 NEXT 1048576 MINEXTENTS 1 MAXEXTENTS 2147483645
  PCTINCREASE 0 FREELISTS 1 FREELIST GROUPS 1
  BUFFER_POOL DEFAULT FLASH_CACHE DEFAULT CELL_FLASH_CACHE DEFAULT)
  TABLESPACE "ESCUELAS" ;
--------------------------------------------------------
--  DDL for Index PK_PROFESOR
--------------------------------------------------------

  CREATE UNIQUE INDEX "USR_ADMIN"."PK_PROFESOR" ON "USR_ADMIN"."PROFESOR" ("PRF_ID") 
  PCTFREE 10 INITRANS 2 MAXTRANS 255 COMPUTE STATISTICS 
  STORAGE(INITIAL 65536 NEXT 1048576 MINEXTENTS 1 MAXEXTENTS 2147483645
  PCTINCREASE 0 FREELISTS 1 FREELIST GROUPS 1
  BUFFER_POOL DEFAULT FLASH_CACHE DEFAULT CELL_FLASH_CACHE DEFAULT)
  TABLESPACE "ESCUELAS" ;
--------------------------------------------------------
--  DDL for Index PK_TUTOR
--------------------------------------------------------

  CREATE UNIQUE INDEX "USR_ADMIN"."PK_TUTOR" ON "USR_ADMIN"."TUTOR" ("TTR_ID") 
  PCTFREE 10 INITRANS 2 MAXTRANS 255 COMPUTE STATISTICS 
  STORAGE(INITIAL 65536 NEXT 1048576 MINEXTENTS 1 MAXEXTENTS 2147483645
  PCTINCREASE 0 FREELISTS 1 FREELIST GROUPS 1
  BUFFER_POOL DEFAULT FLASH_CACHE DEFAULT CELL_FLASH_CACHE DEFAULT)
  TABLESPACE "ESCUELAS" ;
--------------------------------------------------------
--  Constraints for Table ALCALDIA
--------------------------------------------------------

  ALTER TABLE "USR_ADMIN"."ALCALDIA" MODIFY ("ALC_ID" NOT NULL ENABLE);
  ALTER TABLE "USR_ADMIN"."ALCALDIA" MODIFY ("ALC_ALCALDIA" NOT NULL ENABLE);
  ALTER TABLE "USR_ADMIN"."ALCALDIA" ADD CONSTRAINT "PK_ALCALDIA" PRIMARY KEY ("ALC_ID")
  USING INDEX PCTFREE 10 INITRANS 2 MAXTRANS 255 COMPUTE STATISTICS 
  STORAGE(INITIAL 65536 NEXT 1048576 MINEXTENTS 1 MAXEXTENTS 2147483645
  PCTINCREASE 0 FREELISTS 1 FREELIST GROUPS 1
  BUFFER_POOL DEFAULT FLASH_CACHE DEFAULT CELL_FLASH_CACHE DEFAULT)
  TABLESPACE "ESCUELAS"  ENABLE;
--------------------------------------------------------
--  Constraints for Table ALUMNO
--------------------------------------------------------

  ALTER TABLE "USR_ADMIN"."ALUMNO" MODIFY ("ALM_ID" NOT NULL ENABLE);
  ALTER TABLE "USR_ADMIN"."ALUMNO" MODIFY ("ALM_NOMBRE" NOT NULL ENABLE);
  ALTER TABLE "USR_ADMIN"."ALUMNO" MODIFY ("ALM_APELLIDO_PAT" NOT NULL ENABLE);
  ALTER TABLE "USR_ADMIN"."ALUMNO" MODIFY ("ALM_APELLIDO_MAT" NOT NULL ENABLE);
  ALTER TABLE "USR_ADMIN"."ALUMNO" MODIFY ("ALM_SEXO" NOT NULL ENABLE);
  ALTER TABLE "USR_ADMIN"."ALUMNO" MODIFY ("ALM_GRADO_ACADEMICO" NOT NULL ENABLE);
  ALTER TABLE "USR_ADMIN"."ALUMNO" MODIFY ("ALM_TIPO_SANGRE" NOT NULL ENABLE);
  ALTER TABLE "USR_ADMIN"."ALUMNO" MODIFY ("ALM_DISCAPACIDAD" NOT NULL ENABLE);
  ALTER TABLE "USR_ADMIN"."ALUMNO" MODIFY ("ALM_ENFERMEDADES" NOT NULL ENABLE);
  ALTER TABLE "USR_ADMIN"."ALUMNO" ADD CONSTRAINT "PK_ALUMNO" PRIMARY KEY ("ALM_ID")
  USING INDEX PCTFREE 10 INITRANS 2 MAXTRANS 255 COMPUTE STATISTICS 
  STORAGE(INITIAL 65536 NEXT 1048576 MINEXTENTS 1 MAXEXTENTS 2147483645
  PCTINCREASE 0 FREELISTS 1 FREELIST GROUPS 1
  BUFFER_POOL DEFAULT FLASH_CACHE DEFAULT CELL_FLASH_CACHE DEFAULT)
  TABLESPACE "ESCUELAS"  ENABLE;
--------------------------------------------------------
--  Constraints for Table CARRERA
--------------------------------------------------------

  ALTER TABLE "USR_ADMIN"."CARRERA" MODIFY ("CAR_ID" NOT NULL ENABLE);
  ALTER TABLE "USR_ADMIN"."CARRERA" MODIFY ("CAR_NOMBRE_CARRERA" NOT NULL ENABLE);
  ALTER TABLE "USR_ADMIN"."CARRERA" ADD CONSTRAINT "PK_CARRERA" PRIMARY KEY ("CAR_ID")
  USING INDEX PCTFREE 10 INITRANS 2 MAXTRANS 255 COMPUTE STATISTICS 
  STORAGE(INITIAL 65536 NEXT 1048576 MINEXTENTS 1 MAXEXTENTS 2147483645
  PCTINCREASE 0 FREELISTS 1 FREELIST GROUPS 1
  BUFFER_POOL DEFAULT FLASH_CACHE DEFAULT CELL_FLASH_CACHE DEFAULT)
  TABLESPACE "ESCUELAS"  ENABLE;
--------------------------------------------------------
--  Constraints for Table CORREO
--------------------------------------------------------

  ALTER TABLE "USR_ADMIN"."CORREO" MODIFY ("COR_ID" NOT NULL ENABLE);
  ALTER TABLE "USR_ADMIN"."CORREO" MODIFY ("COR_CORREO" NOT NULL ENABLE);
  ALTER TABLE "USR_ADMIN"."CORREO" ADD CONSTRAINT "PK_CORREO" PRIMARY KEY ("COR_ID")
  USING INDEX PCTFREE 10 INITRANS 2 MAXTRANS 255 COMPUTE STATISTICS 
  STORAGE(INITIAL 65536 NEXT 1048576 MINEXTENTS 1 MAXEXTENTS 2147483645
  PCTINCREASE 0 FREELISTS 1 FREELIST GROUPS 1
  BUFFER_POOL DEFAULT FLASH_CACHE DEFAULT CELL_FLASH_CACHE DEFAULT)
  TABLESPACE "ESCUELAS"  ENABLE;
--------------------------------------------------------
--  Constraints for Table DIRECCION
--------------------------------------------------------

  ALTER TABLE "USR_ADMIN"."DIRECCION" MODIFY ("DIR_ID" NOT NULL ENABLE);
  ALTER TABLE "USR_ADMIN"."DIRECCION" MODIFY ("DIR_COLONIA" NOT NULL ENABLE);
  ALTER TABLE "USR_ADMIN"."DIRECCION" MODIFY ("DIR_CALLE" NOT NULL ENABLE);
  ALTER TABLE "USR_ADMIN"."DIRECCION" ADD CONSTRAINT "PK_DIRECCION" PRIMARY KEY ("DIR_ID")
  USING INDEX PCTFREE 10 INITRANS 2 MAXTRANS 255 COMPUTE STATISTICS 
  STORAGE(INITIAL 65536 NEXT 1048576 MINEXTENTS 1 MAXEXTENTS 2147483645
  PCTINCREASE 0 FREELISTS 1 FREELIST GROUPS 1
  BUFFER_POOL DEFAULT FLASH_CACHE DEFAULT CELL_FLASH_CACHE DEFAULT)
  TABLESPACE "ESCUELAS"  ENABLE;
--------------------------------------------------------
--  Constraints for Table ESCUELA
--------------------------------------------------------

  ALTER TABLE "USR_ADMIN"."ESCUELA" MODIFY ("ESC_CCT" NOT NULL ENABLE);
  ALTER TABLE "USR_ADMIN"."ESCUELA" MODIFY ("ESC_PLANTEL" NOT NULL ENABLE);
  ALTER TABLE "USR_ADMIN"."ESCUELA" MODIFY ("ESC_PAGINA_WEB" NOT NULL ENABLE);
  ALTER TABLE "USR_ADMIN"."ESCUELA" ADD CONSTRAINT "PK_ESCUELA" PRIMARY KEY ("ESC_CCT")
  USING INDEX PCTFREE 10 INITRANS 2 MAXTRANS 255 COMPUTE STATISTICS 
  STORAGE(INITIAL 65536 NEXT 1048576 MINEXTENTS 1 MAXEXTENTS 2147483645
  PCTINCREASE 0 FREELISTS 1 FREELIST GROUPS 1
  BUFFER_POOL DEFAULT FLASH_CACHE DEFAULT CELL_FLASH_CACHE DEFAULT)
  TABLESPACE "ESCUELAS"  ENABLE;
--------------------------------------------------------
--  Constraints for Table ESTADO
--------------------------------------------------------

  ALTER TABLE "USR_ADMIN"."ESTADO" MODIFY ("EST_ID" NOT NULL ENABLE);
  ALTER TABLE "USR_ADMIN"."ESTADO" MODIFY ("EST_ESTADO" NOT NULL ENABLE);
  ALTER TABLE "USR_ADMIN"."ESTADO" ADD CONSTRAINT "PK_ESTADO" PRIMARY KEY ("EST_ID")
  USING INDEX PCTFREE 10 INITRANS 2 MAXTRANS 255 COMPUTE STATISTICS 
  STORAGE(INITIAL 65536 NEXT 1048576 MINEXTENTS 1 MAXEXTENTS 2147483645
  PCTINCREASE 0 FREELISTS 1 FREELIST GROUPS 1
  BUFFER_POOL DEFAULT FLASH_CACHE DEFAULT CELL_FLASH_CACHE DEFAULT)
  TABLESPACE "ESCUELAS"  ENABLE;
--------------------------------------------------------
--  Constraints for Table GRUPO
--------------------------------------------------------

  ALTER TABLE "USR_ADMIN"."GRUPO" ADD CONSTRAINT "PK_GRUPO" PRIMARY KEY ("GRP_ALUMNO_ID", "GRP_MATERIA_ID")
  USING INDEX PCTFREE 10 INITRANS 2 MAXTRANS 255 COMPUTE STATISTICS 
  STORAGE(INITIAL 65536 NEXT 1048576 MINEXTENTS 1 MAXEXTENTS 2147483645
  PCTINCREASE 0 FREELISTS 1 FREELIST GROUPS 1
  BUFFER_POOL DEFAULT FLASH_CACHE DEFAULT CELL_FLASH_CACHE DEFAULT)
  TABLESPACE "ESCUELAS"  ENABLE;
--------------------------------------------------------
--  Constraints for Table INSTITUCION
--------------------------------------------------------

  ALTER TABLE "USR_ADMIN"."INSTITUCION" MODIFY ("INS_ID" NOT NULL ENABLE);
  ALTER TABLE "USR_ADMIN"."INSTITUCION" MODIFY ("INS_NOMBRE_ESCUELA" NOT NULL ENABLE);
  ALTER TABLE "USR_ADMIN"."INSTITUCION" ADD CONSTRAINT "PK_INSTITUCION" PRIMARY KEY ("INS_ID")
  USING INDEX PCTFREE 10 INITRANS 2 MAXTRANS 255 COMPUTE STATISTICS 
  STORAGE(INITIAL 65536 NEXT 1048576 MINEXTENTS 1 MAXEXTENTS 2147483645
  PCTINCREASE 0 FREELISTS 1 FREELIST GROUPS 1
  BUFFER_POOL DEFAULT FLASH_CACHE DEFAULT CELL_FLASH_CACHE DEFAULT)
  TABLESPACE "ESCUELAS"  ENABLE;
--------------------------------------------------------
--  Constraints for Table MATERIA
--------------------------------------------------------

  ALTER TABLE "USR_ADMIN"."MATERIA" MODIFY ("MAT_ID" NOT NULL ENABLE);
  ALTER TABLE "USR_ADMIN"."MATERIA" MODIFY ("MAT_MATERIAS" NOT NULL ENABLE);
  ALTER TABLE "USR_ADMIN"."MATERIA" ADD CONSTRAINT "PK_MATERIA" PRIMARY KEY ("MAT_ID")
  USING INDEX PCTFREE 10 INITRANS 2 MAXTRANS 255 COMPUTE STATISTICS 
  STORAGE(INITIAL 65536 NEXT 1048576 MINEXTENTS 1 MAXEXTENTS 2147483645
  PCTINCREASE 0 FREELISTS 1 FREELIST GROUPS 1
  BUFFER_POOL DEFAULT FLASH_CACHE DEFAULT CELL_FLASH_CACHE DEFAULT)
  TABLESPACE "ESCUELAS"  ENABLE;
--------------------------------------------------------
--  Constraints for Table PROFESOR
--------------------------------------------------------

  ALTER TABLE "USR_ADMIN"."PROFESOR" MODIFY ("PRF_ID" NOT NULL ENABLE);
  ALTER TABLE "USR_ADMIN"."PROFESOR" MODIFY ("PRF_NOMBRE" NOT NULL ENABLE);
  ALTER TABLE "USR_ADMIN"."PROFESOR" MODIFY ("PRF_APELLIDO_PAT" NOT NULL ENABLE);
  ALTER TABLE "USR_ADMIN"."PROFESOR" MODIFY ("PRF_APELLIDO_MAT" NOT NULL ENABLE);
  ALTER TABLE "USR_ADMIN"."PROFESOR" ADD CONSTRAINT "PK_PROFESOR" PRIMARY KEY ("PRF_ID")
  USING INDEX PCTFREE 10 INITRANS 2 MAXTRANS 255 COMPUTE STATISTICS 
  STORAGE(INITIAL 65536 NEXT 1048576 MINEXTENTS 1 MAXEXTENTS 2147483645
  PCTINCREASE 0 FREELISTS 1 FREELIST GROUPS 1
  BUFFER_POOL DEFAULT FLASH_CACHE DEFAULT CELL_FLASH_CACHE DEFAULT)
  TABLESPACE "ESCUELAS"  ENABLE;
--------------------------------------------------------
--  Constraints for Table TUTOR
--------------------------------------------------------

  ALTER TABLE "USR_ADMIN"."TUTOR" MODIFY ("TTR_ID" NOT NULL ENABLE);
  ALTER TABLE "USR_ADMIN"."TUTOR" ADD CONSTRAINT "PK_TUTOR" PRIMARY KEY ("TTR_ID")
  USING INDEX PCTFREE 10 INITRANS 2 MAXTRANS 255 COMPUTE STATISTICS 
  STORAGE(INITIAL 65536 NEXT 1048576 MINEXTENTS 1 MAXEXTENTS 2147483645
  PCTINCREASE 0 FREELISTS 1 FREELIST GROUPS 1
  BUFFER_POOL DEFAULT FLASH_CACHE DEFAULT CELL_FLASH_CACHE DEFAULT)
  TABLESPACE "ESCUELAS"  ENABLE;
--------------------------------------------------------
--  Ref Constraints for Table ALUMNO
--------------------------------------------------------

  ALTER TABLE "USR_ADMIN"."ALUMNO" ADD CONSTRAINT "PK_ALUMNO_CARRERA" FOREIGN KEY ("ALM_CARRERA_ID")
	  REFERENCES "USR_ADMIN"."CARRERA" ("CAR_ID") ENABLE;
  ALTER TABLE "USR_ADMIN"."ALUMNO" ADD CONSTRAINT "PK_ALUMNO_DIRECCION" FOREIGN KEY ("ALM_DIRECCION_ID")
	  REFERENCES "USR_ADMIN"."DIRECCION" ("DIR_ID") ENABLE;
  ALTER TABLE "USR_ADMIN"."ALUMNO" ADD CONSTRAINT "PK_ALUMNO_ESCUELA" FOREIGN KEY ("ALM_ESCUELA_ID")
	  REFERENCES "USR_ADMIN"."ESCUELA" ("ESC_CCT") ENABLE;
  ALTER TABLE "USR_ADMIN"."ALUMNO" ADD CONSTRAINT "PK_ALUMNO_TUTOR" FOREIGN KEY ("ALM_TUTOR_ID")
	  REFERENCES "USR_ADMIN"."TUTOR" ("TTR_ID") ENABLE;
--------------------------------------------------------
--  Ref Constraints for Table DIRECCION
--------------------------------------------------------

  ALTER TABLE "USR_ADMIN"."DIRECCION" ADD CONSTRAINT "FK_DIRECCION_ESTADO" FOREIGN KEY ("DIR_ESTADO_ID")
	  REFERENCES "USR_ADMIN"."ESTADO" ("EST_ID") ENABLE;
  ALTER TABLE "USR_ADMIN"."DIRECCION" ADD CONSTRAINT "FK_DIRECCION_ALCALDIA" FOREIGN KEY ("DIR_ALCALDIA_ID")
	  REFERENCES "USR_ADMIN"."ALCALDIA" ("ALC_ID") ENABLE;
--------------------------------------------------------
--  Ref Constraints for Table ESCUELA
--------------------------------------------------------

  ALTER TABLE "USR_ADMIN"."ESCUELA" ADD CONSTRAINT "FK_CORREO_ID" FOREIGN KEY ("ESC_DOMINIO_ID")
	  REFERENCES "USR_ADMIN"."CORREO" ("COR_ID") ENABLE;
  ALTER TABLE "USR_ADMIN"."ESCUELA" ADD CONSTRAINT "FK_DIRECCION_ID" FOREIGN KEY ("ESC_DIRECCION_ID")
	  REFERENCES "USR_ADMIN"."DIRECCION" ("DIR_ID") ENABLE;
  ALTER TABLE "USR_ADMIN"."ESCUELA" ADD CONSTRAINT "FK_INSTITUCION_ID" FOREIGN KEY ("ESC_INSTITUCION_ID")
	  REFERENCES "USR_ADMIN"."INSTITUCION" ("INS_ID") ENABLE;
--------------------------------------------------------
--  Ref Constraints for Table GRUPO
--------------------------------------------------------

  ALTER TABLE "USR_ADMIN"."GRUPO" ADD CONSTRAINT "FK_GRUPO_ALUMNO" FOREIGN KEY ("GRP_ALUMNO_ID")
	  REFERENCES "USR_ADMIN"."ALUMNO" ("ALM_ID") ENABLE;
  ALTER TABLE "USR_ADMIN"."GRUPO" ADD CONSTRAINT "FK_GRUPO_MATERIA" FOREIGN KEY ("GRP_MATERIA_ID")
	  REFERENCES "USR_ADMIN"."MATERIA" ("MAT_ID") ENABLE;
--------------------------------------------------------
--  Ref Constraints for Table MATERIA
--------------------------------------------------------

  ALTER TABLE "USR_ADMIN"."MATERIA" ADD CONSTRAINT "FK_MATERIA_PROFESOR" FOREIGN KEY ("MAT_PROFESOR_ID")
	  REFERENCES "USR_ADMIN"."PROFESOR" ("PRF_ID") ENABLE;
--------------------------------------------------------
--  Ref Constraints for Table TUTOR
--------------------------------------------------------

  ALTER TABLE "USR_ADMIN"."TUTOR" ADD CONSTRAINT "FK_TUTOR_DIRECCION" FOREIGN KEY ("TTR_DIRECCION_ID")
	  REFERENCES "USR_ADMIN"."DIRECCION" ("DIR_ID") ENABLE;
